mutant,DMSO
Q2C,-0.165407281
Q2D,-0.03710384
Q2G,-0.129730996
Q2F,-0.068816852
Q2I,-0.108494341
Q2H,-0.101215616
Q2L,-0.104968942
Q2P,-0.088020372
Q2S,-0.048575836
Q2R,-0.244278352
Q2T,-0.038433115
Q2Y,-0.066103514
I3A,-0.07009853
I3C,0.015899653
I3E,-0.5
I3D,-0.5
I3G,-0.317227308
I3I,0
I3H,-0.176032317
I3K,-0.5
I3M,-0.012799939
I3L,0.048958821
I3N,-0.5
I3Q,-0.477519463
I3P,-0.48299742
I3S,-0.5
I3R,-0.473889098
I3T,-0.091767454
I3W,
I3V,-0.006718126
I3Y,-0.343109591
F4A,-0.368018492
F4C,-0.14995543
F4E,-0.275645925
F4D,-0.423535944
F4G,-0.430100926
F4F,0
F4I,
F4H,-0.4270967
F4K,
F4M,-0.032556633
F4L,-0.054461061
F4N,0.044873835
F4Q,-0.5
F4P,-0.5
F4S,-0.220365565
F4R,-0.5
F4T,
F4W,-0.151384174
F4V,-0.293430902
F4Y,-0.172230804
V5A,-0.017152077
V5C,-0.059375042
V5E,-0.047312663
V5D,-0.298747948
V5G,-0.389738854
V5F,-0.075470664
V5I,0.033201472
V5H,
V5K,
V5M,0.003961443
V5L,-0.025594257
V5N,-0.445462173
V5Q,
V5P,-0.5
V5S,-0.432906206
V5R,
V5T,-0.03734615
V5W,
V5V,0
V5Y,-0.088391983
K6A,-0.036162027
K6C,-0.25260567
K6E,-0.5
K6D,-0.448190509
K6G,-0.059611786
K6F,-0.170962174
K6I,-0.104307461
K6H,-0.023070127
K6K,0
K6M,
K6L,-0.120820113
K6N,-0.02037879
K6Q,-0.026812911
K6P,-0.148246896
K6S,-0.041804177
K6R,-0.029321677
K6T,-0.082980364
K6W,-0.5
K6V,-0.011570215
K6Y,-0.087457
T7A,-0.016857339
T7C,-0.04984168
T7E,-0.170006418
T7D,-0.475839676
T7G,-0.068090765
T7F,-0.5
T7I,-0.5
T7H,-0.191727875
T7K,-0.469476417
T7M,-0.064925249
T7L,-0.042540964
T7N,0.009323039
T7Q,-0.031220329
T7P,-0.113224198
T7S,-0.026698837
T7R,-0.301168419
T7T,0
T7W,
T7V,-0.209091739
T7Y,-0.5
L8A,-0.438877267
L8C,-0.5
L8E,
L8D,0.226450552
L8G,-0.5
L8F,-0.46275418
L8I,-0.056517459
L8H,-0.217653893
L8K,-0.5
L8M,-0.241325753
L8L,0
L8N,-0.5
L8Q,-0.354582373
L8P,-0.5
L8S,-0.344574579
L8R,-0.5
L8T,-0.5
L8W,-0.5
L8V,-0.056245898
L8Y,-0.254343646
T9A,0.006125272
T9C,-0.002773229
T9E,-0.409257051
T9D,-0.403240881
T9G,-0.037587695
T9F,-0.5
T9I,-0.034542791
T9H,-0.078856351
T9K,-0.5
T9M,-0.025338156
T9L,-0.067746948
T9N,-0.030009868
T9Q,-0.015300091
T9P,-0.06326173
T9S,-0.008245239
T9R,-0.181081851
T9T,0
T9W,-0.5
T9V,0.005902389
T9Y,-0.5
G10A,-0.208919627
G10C,-0.233220941
G10E,-0.1939912
G10D,-0.1743538
G10G,0
G10F,0.05191254
G10I,
G10H,-0.245868668
G10K,-0.345064016
G10M,-0.26815604
G10L,-0.42594623
G10N,-0.03850121
G10Q,-0.126027603
G10P,-0.210357009
G10S,-0.172114027
G10R,-0.477685197
G10T,-0.463609588
G10W,
G10V,
G10Y,-0.212729213
K11A,-0.007628827
K11C,0.004052059
K11E,-0.428201543
K11D,-0.468337647
K11G,-0.026147744
K11F,-0.23861594
K11I,-0.075443779
K11H,-0.066001058
K11K,0
K11M,-0.130952277
K11L,-0.045912205
K11N,0.049924629
K11Q,-0.053394912
K11P,-0.303916794
K11S,-0.012943076
K11R,-0.008514544
K11T,-0.007775445
K11W,-0.5
K11V,-0.098086066
K11Y,-0.242841685
T12A,-0.30279993
T12C,-0.082328449
T12F,-0.168148318
T12I,-0.178966827
T12N,-0.097750562
T12P,-0.229601529
T12S,-0.01282168
T12T,0
T12V,-0.112648371
I13A,-0.024968761
I13C,-0.006141147
I13E,-0.043551646
I13D,-0.100728238
I13G,-0.103950807
I13F,-0.202268538
I13I,0
I13H,-0.058540236
I13K,-0.120893019
I13M,-0.030199536
I13L,0.015690024
I13N,-0.031783272
I13Q,-0.022066224
I13P,-0.5
I13S,-0.031285016
I13R,-0.070402438
I13T,0.003904479
I13W,-0.089203687
I13V,0.004214833
I13Y,0.010811602
T14A,0.010812049
T14C,0.017913068
T14E,-0.443211849
T14D,-0.282277683
T14G,0.031208239
T14F,-0.149748433
T14I,-0.008171977
T14H,0.021781683
T14K,-0.088351477
T14L,-0.060199977
T14N,-0.287237343
T14Q,-0.247247875
T14P,-0.044791911
T14S,-0.016544466
T14R,-0.086315911
T14T,0
T14V,-0.021764009
T14Y,-0.088399687
L15A,0.012489086
L15C,0.006422088
L15E,-0.234252504
L15D,
L15G,-0.451626716
L15F,0.00045117
L15I,0.000848861
L15H,-0.340430091
L15K,-0.5
L15M,-0.011079755
L15L,0
L15N,-0.336051032
L15Q,-0.068420709
L15P,-0.262643809
L15S,-0.251876872
L15R,-0.361955732
L15T,0.005624685
L15W,
L15V,-0.010542147
L15Y,0.03997979
E16A,-0.005986064
E16C,-0.034684042
E16E,0
E16D,-0.078789783
E16G,-0.000551907
E16F,-0.039642021
E16I,-0.039760337
E16H,0.019789235
E16K,0.003710714
E16M,
E16L,0.009081213
E16N,-0.01722113
E16Q,0.046071503
E16P,0.002982551
E16S,-0.014807327
E16R,-0.027185921
E16T,0.011158908
E16W,-0.08266782
E16V,-0.041526562
E16Y,-0.003417793
V17A,-0.009281107
V17C,0.009875205
V17E,-0.328424559
V17D,-0.462123853
V17G,-0.010246121
V17F,-0.041475227
V17I,-0.021556185
V17H,0.002402042
V17K,-0.456566502
V17M,-0.003546347
V17L,-0.00977982
V17N,-0.025080656
V17Q,-0.00353603
V17P,-0.032503405
V17S,-0.0014402
V17R,-0.393587377
V17T,0.012188615
V17W,-0.332723195
V17V,0
V17Y,0.068625214
E18A,0.010730075
E18C,-0.008690916
E18E,0
E18D,-0.001420461
E18G,0.025301927
E18F,-0.0085912
E18I,0.009334086
E18H,0.032643754
E18K,0.031295931
E18M,-0.018161205
E18L,0.008891671
E18N,0.012579981
E18Q,0.001008739
E18P,0.023665978
E18S,0.008405969
E18R,0.014620807
E18T,0.01340368
E18W,-0.093946229
E18V,-0.003521051
E18Y,-0.017274392
S19A,-0.001114929
S19C,-0.0000506
S19E,0.061873896
S19D,0.061794665
S19G,0.00451655
S19F,-0.051722994
S19I,-0.010886251
S19H,0.000136907
S19K,-0.024101569
S19M,0.00941579
S19L,-0.011779721
S19N,-0.047980052
S19Q,-0.010099168
S19P,0.021311067
S19S,0
S19R,-0.033184685
S19T,0.011934105
S19W,-0.109498232
S19V,-0.018874847
S19Y,-0.008361928
S20A,-0.007645782
S20C,0.041702286
S20E,0.010055029
S20D,0.041616991
S20G,0.008582083
S20F,0.030594177
S20I,-0.021640118
S20H,0.002872674
S20K,-0.004541172
S20M,-0.058953034
S20L,-0.000455297
S20N,0.00997282
S20Q,-0.026684129
S20P,0.012810613
S20S,0
S20R,0.014947761
S20T,0.01472776
S20W,0.027298733
S20V,0.033334114
S20Y,0.018176592
D21A,0.028975956
D21C,0.008239753
D21E,0.00760804
D21G,0.023861657
D21F,0.053133155
D21I,0.040575778
D21H,-0.066103135
D21K,
D21L,-0.006036387
D21N,0.005786408
D21Q,0.001667714
D21P,-0.126959591
D21S,0.003735473
D21R,-0.207464011
D21T,0.003605559
D21W,-0.024910108
D21V,0.005005526
D21Y,0.018586425
T22A,0.006870035
T22G,-0.002888007
T22I,-0.038513189
T22N,-0.051443221
T22S,-0.006607357
T22R,0.007107347
T22T,0
T22V,0.011622842
I23A,-0.004505061
I23C,-0.049263048
I23E,-0.5
I23D,0.001739026
I23G,-0.153895542
I23F,-0.013329177
I23I,0
I23H,-0.476002851
I23K,-0.099738261
I23M,-0.023366103
I23L,0.005954045
I23N,
I23Q,-0.146503967
I23P,-0.026002858
I23S,-0.065145135
I23R,-0.302581905
I23T,-0.00924269
I23W,-0.267193854
I23V,0.01262406
I23Y,
D24A,-0.001842036
D24C,-0.003894768
D24E,-0.012338388
D24D,0
D24G,-0.005018354
D24F,0.011283169
D24I,0.014703229
D24H,-0.019553207
D24K,-0.170565638
D24M,0.022648798
D24L,-0.014022939
D24N,-0.025717043
D24Q,0.024648352
D24P,0.007494919
D24S,0.016352125
D24R,-0.072473872
D24T,-0.003461775
D24W,-0.077484053
D24V,-0.01609311
D24Y,-0.049665682
N25A,0.016132336
N25C,-0.026812575
N25E,0.023511867
N25D,0.039560005
N25G,0.026636227
N25F,-0.005147463
N25I,0.001289342
N25H,0.017390745
N25K,0.023223029
N25M,-0.003870897
N25L,-0.003417486
N25N,0
N25Q,-0.008425161
N25P,-0.237574901
N25S,0.0071252
N25R,0.008673069
N25T,-0.003124872
N25W,-0.028260532
N25V,0.007962033
N25Y,0.01046572
V26A,-0.113636199
V26C,-0.026601059
V26E,
V26D,
V26G,
V26F,-0.225542539
V26I,-0.002252062
V26H,
V26K,
V26M,-0.04452732
V26L,-0.006776595
V26N,-0.035919905
V26Q,
V26P,-0.248665113
V26S,
V26R,-0.191252523
V26T,-0.007801393
V26W,
V26V,0
V26Y,
K27A,-0.073656157
K27C,-0.069329072
K27E,-0.260105171
K27D,
K27G,-0.425972658
K27F,-0.485102192
K27I,-0.310336161
K27H,-0.05395252
K27K,0
K27M,-0.17064313
K27L,-0.479590601
K27N,-0.394933558
K27Q,-0.033853775
K27P,
K27S,-0.197600661
K27R,0.013191538
K27T,-0.10346902
K27W,
K27V,-0.5
K27Y,-0.067391139
S28A,-0.005550387
S28C,0.012057706
S28E,0.010764895
S28D,0.012645229
S28G,0.005044285
S28F,-0.151588492
S28I,-0.003472662
S28H,0.00451065
S28K,-0.019112056
S28M,-0.02804387
S28L,-0.017013621
S28N,0.004821038
S28Q,-0.009147273
S28P,-0.367636242
S28S,0
S28R,0.006287041
S28T,0.001183651
S28W,-0.067597348
S28V,-0.037975366
S28Y,0.005343593
K29A,0.026468135
K29C,0.028555534
K29G,0.017334797
K29F,0.022936211
K29I,0.018619994
K29H,0.013880994
K29K,0
K29M,0.016077775
K29L,0.030424649
K29N,0.014890202
K29Q,0.014022566
K29P,-0.085249979
K29S,0.013935227
K29R,0.017833307
K29T,0.005022993
K29W,-0.006704215
K29V,-0.003822185
K29Y,0.028910267
I30A,-0.5
I30C,-0.102691164
I30E,0.012493118
I30D,
I30G,-0.078390864
I30F,0.009469962
I30I,0
I30H,
I30K,-0.26200656
I30M,
I30L,0.013579348
I30N,
I30Q,
I30P,-0.429327609
I30S,-0.446003277
I30R,-0.009692438
I30T,-0.42340782
I30W,
I30V,0.008748998
I30Y,-0.049418292
Q31A,-0.001626862
Q31C,-0.001516555
Q31E,-0.022417387
Q31D,0.005131746
Q31G,0.00682762
Q31F,-0.01552917
Q31I,-0.116107373
Q31H,-0.037101744
Q31K,-0.018000388
Q31M,-0.00499819
Q31L,0.012831669
Q31N,0.042513474
Q31Q,0
Q31P,-0.5
Q31S,0.013489077
Q31R,-0.010765063
Q31T,0.007246357
Q31W,0.022590426
Q31V,-0.00983548
Q31Y,
D32A,-0.020436483
D32C,-0.054348607
D32E,0.009521112
D32D,0
D32G,-0.05236901
D32F,-0.064106319
D32I,-0.077340118
D32H,-0.041858521
D32K,-0.076774792
D32M,-0.046396032
D32L,-0.075395557
D32N,-0.009128942
D32Q,-0.028261173
D32P,-0.375391324
D32S,0.003576896
D32R,-0.188368174
D32T,-0.002692259
D32W,
D32V,-0.061161446
D32Y,-0.075361431
K33A,0.035589874
K33C,-0.030824897
K33E,0.004161716
K33D,-0.004553287
K33G,-0.01641501
K33F,0.005329082
K33I,0.002225517
K33H,-0.051323222
K33K,0
K33M,0.008699504
K33L,-0.020076839
K33N,0.004690523
K33Q,-0.043242631
K33P,-0.5
K33S,0.021115208
K33R,-0.024184192
K33T,0.0212946
K33W,-0.036820059
K33V,0.0049494
K33Y,-0.012709854
E34A,-0.044053735
E34C,-0.039798364
E34E,0
E34D,0.000640939
E34G,-0.024722363
E34F,-0.326799294
E34I,-0.053035668
E34H,-0.053199757
E34K,-0.10078813
E34M,-0.012731924
E34L,-0.184876962
E34N,-0.046309069
E34Q,-0.009415158
E34P,-0.491529012
E34S,-0.032512215
E34R,-0.338818498
E34T,-0.080856182
E34W,
E34V,-0.108327425
E34Y,-0.327951814
G35A,0.01420528
G35C,-0.003817217
G35E,-0.140985124
G35D,-0.211295715
G35G,0
G35F,-0.152880338
G35I,-0.041516056
G35H,-0.052005244
G35K,-0.046662803
G35M,-0.009891596
G35L,-0.064466098
G35N,0.038202012
G35Q,0.017388927
G35P,-0.156374036
G35S,0.007186927
G35R,-0.024719626
G35T,-0.118771845
G35W,-0.186202054
G35V,-0.041039113
G35Y,-0.143161826
I36A,-0.5
I36C,-0.042239314
I36E,-0.464850987
I36D,
I36G,-0.381798827
I36F,-0.301087849
I36I,0
I36H,-0.343144949
I36K,
I36M,
I36L,0.025160832
I36N,-0.454227015
I36Q,-0.254266602
I36P,-0.377365978
I36S,-0.473123107
I36R,-0.321761561
I36T,-0.128561402
I36W,-0.358750573
I36V,0.016049214
I36Y,-0.403788739
P37A,0.017134467
P37C,0.025792397
P37E,0.026282203
P37D,0.053750916
P37G,0.018275019
P37F,0.018516855
P37I,0.030465754
P37H,-0.000620199
P37K,0.001577346
P37M,0.036006311
P37L,0.041260701
P37N,0.0494622
P37Q,0.017005112
P37P,0
P37S,0.021586422
P37R,0.025558392
P37T,0.019829509
P37W,-0.024247049
P37V,0.031901072
P37Y,-0.006713497
P38A,0.016727898
P38C,-0.128851575
P38E,0.008493451
P38D,0.027321812
P38G,0.0070225
P38F,0.008911552
P38I,0.006002047
P38H,0.007047244
P38K,0.014905263
P38M,0.001323406
P38L,0.027967932
P38N,0.007997551
P38Q,0.012968176
P38P,0
P38S,0.016089931
P38R,0.004973421
P38T,0.00664065
P38W,0.027918099
P38V,0.007834763
P38Y,0.019997856
D39A,-0.051602778
D39C,0.067764641
D39E,-0.059155108
D39D,0
D39G,-0.121885019
D39F,-0.102709783
D39I,-0.038956618
D39H,-0.085167933
D39K,-0.258338907
D39M,
D39L,-0.074672189
D39N,-0.055893921
D39Q,-0.074849982
D39P,0.065743576
D39S,-0.068974538
D39R,-0.281966031
D39W,-0.201373795
D39V,-0.084953745
D39Y,-0.102045155
Q40A,-0.014854547
Q40C,0.020995066
Q40E,-0.028390101
Q40D,-0.294229746
Q40G,-0.034165349
Q40F,-0.109790757
Q40I,-0.066677386
Q40H,-0.02120027
Q40K,-0.057300526
Q40M,
Q40L,-0.04149644
Q40N,0.040769879
Q40Q,0
Q40P,-0.356787509
Q40S,-0.00970833
Q40R,-0.174028405
Q40T,0.015022472
Q40W,
Q40V,-0.055493812
Q40Y,-0.072202128
Q41A,0.008405575
Q41C,-0.021343912
Q41E,-0.5
Q41D,-0.393469663
Q41G,-0.087867516
Q41F,-0.240979079
Q41I,0.012447852
Q41H,-0.49380139
Q41K,-0.5
Q41M,
Q41L,-0.056365541
Q41N,-0.171167183
Q41Q,0
Q41P,-0.261318991
Q41S,-0.00611245
Q41R,-0.300999457
Q41T,-0.148734352
Q41W,-0.388920754
Q41V,-0.122896774
Q41Y,-0.477018898
R42A,-0.315695903
R42C,-0.233554206
R42E,-0.5
R42D,-0.5
R42G,-0.5
R42F,-0.5
R42I,-0.5
R42H,-0.469944731
R42K,-0.5
R42M,-0.5
R42L,-0.5
R42N,-0.454528049
R42Q,-0.5
R42P,-0.27408588
R42S,-0.5
R42R,0
R42T,-0.5
R42W,-0.5
R42V,-0.423327559
R42Y,-0.5
L43A,-0.444156296
L43C,-0.19457476
L43E,
L43D,
L43G,-0.014269152
L43F,-0.139843782
L43I,0.024295488
L43H,0.171275216
L43K,
L43M,0.004207679
L43L,0
L43N,
L43Q,
L43P,
L43S,
L43R,-0.5
L43T,-0.002807522
L43W,
L43V,0.004146804
L43Y,-0.174356134
I44A,-0.5
I44C,-0.14395794
I44E,-0.440205476
I44D,-0.345553247
I44G,-0.5
I44F,-0.5
I44I,0
I44H,-0.5
I44K,-0.5
I44M,-0.288559519
I44L,-0.004640467
I44N,-0.5
I44Q,-0.5
I44P,-0.249651199
I44S,-0.5
I44R,-0.45173781
I44T,-0.5
I44W,-0.5
I44V,-0.010966292
I44Y,-0.5
F45A,0.005375288
F45C,0.00197051
F45E,-0.5
F45D,-0.5
F45G,-0.004229102
F45F,0
F45I,-0.010951866
F45H,0.000853458
F45K,-0.314144903
F45M,-0.086017039
F45L,-0.073030809
F45N,-0.01215406
F45Q,-0.055979522
F45P,-0.082613913
F45S,-0.019763217
F45R,-0.036749159
F45T,-0.025084096
F45W,0.000572919
F45V,-0.042948074
F45Y,-0.009830128
A46A,0
A46C,0.023389675
A46E,-0.341814138
A46D,-0.188047733
A46G,0.001016557
A46F,-0.047154423
A46I,-0.045133289
A46H,-0.013457559
A46K,-0.410633989
A46M,-0.033138466
A46L,-0.207354713
A46N,-0.014290696
A46Q,-0.118995975
A46P,-0.377267029
A46S,0.015631925
A46R,-0.111023925
A46T,0.011917964
A46W,-0.056856857
A46V,-0.056630296
A46Y,-0.038977329
G47A,-0.093510626
G47C,
G47E,-0.5
G47D,-0.5
G47G,0
G47F,-0.121414553
G47I,
G47H,-0.5
G47K,
G47M,
G47L,-0.398419135
G47N,
G47Q,-0.5
G47P,-0.185402397
G47S,-0.11658032
G47R,-0.1263175
G47T,-0.293578019
G47W,
G47V,0.102229724
G47Y,-0.318951088
K48A,-0.5
K48C,-0.5
K48E,-0.5
K48D,-0.5
K48G,-0.5
K48F,-0.448154012
K48I,-0.5
K48H,-0.5
K48M,-0.5
K48L,-0.5
K48N,-0.5
K48Q,-0.5
K48P,-0.400669348
K48S,-0.5
K48R,-0.5
K48T,-0.5
K48W,-0.481458952
K48V,-0.5
K48Y,-0.5
Q49A,-0.074537801
Q49E,-0.154868757
Q49G,-0.075775494
Q49H,-0.104489517
Q49K,-0.307076307
Q49M,
Q49Q,0
Q49P,-0.474784005
Q49S,-0.083433807
Q49T,-0.145846076
Q49Y,-0.217759897
L50A,-0.194568475
L50C,-0.017973948
L50E,-0.171648384
L50D,0.133831492
L50G,-0.216434008
L50F,-0.5
L50I,0.009329236
L50H,-0.12837202
L50M,-0.016789904
L50L,0
L50Q,
L50P,
L50S,-0.5
L50R,
L50T,0.098334494
L50W,
L50V,0.009525341
E51A,-0.064752724
E51C,-0.050147465
E51E,0
E51D,0.004435994
E51G,-0.034600138
E51F,-0.123330271
E51I,-0.076159701
E51H,-0.098340383
E51K,-0.277353404
E51M,
E51L,-0.075793129
E51N,-0.008875358
E51Q,-0.027796229
E51P,-0.092070382
E51S,-0.085864065
E51R,-0.492736006
E51T,-0.039992479
E51W,-0.449670306
E51V,-0.038242357
E51Y,-0.163579862
D52A,-0.01216664
D52C,-0.021066954
D52E,-0.021599746
D52D,0
D52G,-0.006003452
D52F,-0.018387876
D52I,0.008449494
D52H,-0.037242377
D52K,0.047145271
D52M,-0.025876609
D52L,0.013658011
D52N,0.007476912
D52Q,-0.090060815
D52P,0.025973044
D52S,-0.000315401
D52R,-0.001817676
D52T,-0.002458748
D52W,-0.071709527
D52V,-0.046470505
D52Y,0.017602833
G53A,0.001100553
G53C,0.021975677
G53E,0.006959631
G53D,-0.00696604
G53G,0
G53F,-0.016710634
G53I,0.026814434
G53H,0.015262995
G53K,-0.013728443
G53M,0.007205067
G53L,-0.009052018
G53N,-0.010076695
G53Q,-0.020693847
G53P,0.023063026
G53S,0.023145085
G53R,0.0000582
G53T,-0.023636935
G53W,0.002324115
G53V,-0.02723543
G53Y,0.019922147
R54A,-0.01016004
R54C,-0.054895402
R54E,-0.05685988
R54D,-0.040974902
R54G,-0.023897225
R54F,-0.010639479
R54I,-0.003553085
R54H,-0.016963905
R54K,-0.006574177
R54M,
R54L,-0.01348312
R54N,-0.01376389
R54Q,-0.002701495
R54P,-0.006930352
R54S,-0.012272196
R54R,0
R54T,-0.019277
R54V,0.001486851
R54Y,0.011676276
T55A,0.010252989
T55C,0.018494578
T55E,-0.011001382
T55D,0.026313366
T55G,-0.00237928
T55F,-0.011216383
T55I,0.001025374
T55H,-0.006419955
T55K,-0.003261606
T55M,-0.008793597
T55L,0.006304487
T55N,0.008656135
T55Q,0.011618133
T55P,-0.006164453
T55S,0.022551189
T55R,-0.013382811
T55T,0
T55W,-0.138243728
T55V,-0.006651896
T55Y,0.028637199
L56A,-0.185947665
L56C,-0.002724673
L56E,
L56D,
L56G,0.054980927
L56F,0.01005098
L56I,-0.012133217
L56H,
L56K,0.075346165
L56M,0.09128887
L56L,0
L56N,-0.080245065
L56Q,
L56P,-0.5
L56S,-0.409929249
L56R,-0.110933574
L56T,-0.232708965
L56W,-0.5
L56V,-0.028751207
L56Y,
S57A,-0.010848722
S57C,-0.029255016
S57E,0.011057102
S57D,0.031193133
S57G,0.000176595
S57F,0.002075673
S57I,0.011538859
S57H,-0.018388656
S57K,-0.018070604
S57M,-0.010536177
S57L,0.011567981
S57N,-0.048116361
S57Q,0.013226126
S57P,-0.004304563
S57S,0
S57R,-0.044333057
S57T,0.013425546
S57W,-0.124108689
S57V,0.005539708
S57Y,0.010854477
D58A,-0.017985748
D58C,-0.058319638
D58E,-0.136037813
D58D,0
D58G,-0.119130879
D58I,-0.382017275
D58H,-0.5
D58K,-0.125602789
D58M,
D58L,-0.334052274
D58N,-0.224035295
D58Q,-0.293099567
D58P,-0.195886901
D58S,-0.254017487
D58R,-0.341280279
D58T,-0.108077311
D58W,-0.248240684
D58V,-0.364951249
D58Y,-0.240146679
Y59A,-0.141790371
Y59C,-0.087021471
Y59E,-0.5
Y59D,
Y59G,-0.5
Y59F,
Y59I,-0.5
Y59H,
Y59K,
Y59M,
Y59L,-0.265577753
Y59N,-0.047918624
Y59Q,
Y59P,
Y59S,-0.04500473
Y59R,-0.125705953
Y59T,-0.5
Y59W,0.012791812
Y59V,-0.5
Y59Y,0
N60A,-0.004961845
N60C,-0.010288545
N60E,-0.5
N60D,-0.010048123
N60G,-0.032225977
N60F,-0.287505986
N60I,-0.245587902
N60H,0.010870793
N60K,-0.046694749
N60M,
N60L,-0.226723115
N60N,0
N60Q,-0.149743151
N60P,-0.275169294
N60S,-0.010052146
N60R,-0.050070798
N60T,-0.052784148
N60W,-0.5
N60V,-0.022451846
N60Y,-0.245862606
I61A,-0.19092978
I61C,0.011685465
I61E,-0.5
I61D,-0.335885918
I61G,-0.23926672
I61F,-0.154901113
I61I,0
I61H,-0.371359002
I61K,-0.222849469
I61M,-0.003199881
I61L,0.010030664
I61N,-0.35149498
I61Q,-0.394798128
I61P,-0.464055706
I61S,-0.36479256
I61R,-0.355702454
I61T,-0.410259718
I61W,-0.419872835
I61V,-0.000336165
I61Y,-0.143739449
Q62A,0.019405881
Q62C,-0.004276118
Q62E,0.024835422
Q62D,0.031145129
Q62G,0.010404942
Q62F,0.001027222
Q62I,0.03391161
Q62H,-0.012667953
Q62K,-0.045177542
Q62M,-0.000967882
Q62L,0.000850695
Q62N,0.001368427
Q62Q,0
Q62P,-0.008064662
Q62S,0.004163123
Q62R,-0.008842556
Q62T,0.007285651
Q62W,-0.000587567
Q62V,0.005633254
Q62Y,0.019326207
K63A,-0.112366038
K63C,-0.100456503
K63E,-0.102043828
K63D,-0.129283037
K63G,-0.123296577
K63F,-0.125261303
K63I,-0.087411773
K63H,-0.15663222
K63K,0
K63M,-0.173080057
K63L,-0.113819331
K63N,-0.130978181
K63Q,-0.13559946
K63P,-0.108681694
K63S,-0.133478487
K63R,-0.14089411
K63T,-0.095081648
K63W,-0.163339624
K63V,-0.133526056
K63Y,-0.160568551
E64A,-0.022029064
E64C,0.003437709
E64E,0
E64D,-0.036310071
E64G,-0.064004554
E64F,-0.105584839
E64I,-0.048212922
E64H,-0.020613565
E64K,-0.5
E64M,-0.024622857
E64L,-0.031087541
E64N,-0.039193579
E64Q,0.008941963
E64P,-0.300531781
E64S,-0.054590188
E64R,-0.284410626
E64T,-0.018504486
E64W,-0.087468901
E64V,-0.003916168
E64Y,-0.021859595
S65A,0.016218707
S65C,-0.009419355
S65E,-0.122884439
S65D,-0.085160201
S65G,0.025832852
S65F,0.022406594
S65I,-0.096705249
S65H,-0.005968199
S65K,-0.07997104
S65M,0.002954042
S65L,-0.181191046
S65N,-0.010980223
S65Q,0.024150444
S65P,-0.432444505
S65S,0
S65R,-0.057390872
S65T,0.011862396
S65W,-0.225732581
S65V,-0.028526
S65Y,-0.005626616
T66A,-0.196011351
T66C,-0.044534273
T66E,-0.290567501
T66D,-0.11515165
T66G,-0.116845991
T66F,-0.424545465
T66I,-0.250517487
T66H,-0.071026198
T66K,-0.355185602
T66M,-0.107451482
T66L,-0.107638783
T66N,0.01772196
T66Q,-0.146364726
T66P,-0.267840777
T66S,0.012410352
T66R,-0.262263783
T66T,0
T66W,
T66V,-0.134357441
T66Y,-0.12740467
L67A,-0.286747895
L67C,0.021608329
L67E,-0.5
L67D,-0.496068278
L67G,-0.289787503
L67F,0.004698643
L67I,-0.013933182
L67H,-0.470941516
L67K,-0.5
L67M,
L67L,0
L67N,-0.5
L67Q,-0.451255449
L67P,-0.436454202
L67S,-0.5
L67R,-0.5
L67T,-0.091051407
L67W,-0.5
L67V,0.013078373
L67Y,-0.5
H68A,-0.173201222
H68C,-0.15591644
H68E,-0.384739705
H68G,-0.412236344
H68F,-0.193804525
H68I,-0.392682503
H68K,
H68M,-0.418931417
H68L,
H68N,-0.092581109
H68Q,-0.138449999
H68P,-0.5
H68S,-0.150474679
H68R,0.123305066
H68T,-0.420262733
H68V,-0.25191254
H68Y,-0.200204139
L69A,-0.285734879
L69C,-0.07446314
L69E,-0.5
L69D,-0.5
L69G,-0.5
L69F,0.008877773
L69I,-0.022152148
L69H,-0.283969418
L69K,-0.5
L69M,-0.050716847
L69L,0
L69N,-0.384049751
L69Q,-0.5
L69P,-0.321245644
L69S,-0.483373313
L69R,-0.231994605
L69T,-0.443601203
L69W,-0.273311608
L69V,-0.020333417
L69Y,-0.223346319
V70A,-0.322193251
V70E,-0.5
V70D,-0.5
V70G,-0.356578055
V70I,-0.058874079
V70H,-0.324675291
V70K,-0.5
V70M,
V70L,-0.1215229
V70N,-0.5
V70Q,-0.5
V70P,-0.494345664
V70S,-0.5
V70R,-0.5
V70T,-0.219166675
V70V,0
V70Y,-0.25013192
L71A,
L71C,-0.445049515
L71E,
L71D,-0.32498274
L71G,-0.157400194
L71F,-0.183206878
L71I,-0.424798769
L71H,-0.5
L71K,-0.473562074
L71M,-0.008351052
L71L,0
L71N,
L71Q,-0.419872835
L71P,-0.5
L71S,-0.27716459
L71R,
L71T,0.247731696
L71W,-0.358750573
L71V,
L71Y,-0.5
R72A,-0.2419724
R72C,-0.177364271
R72E,-0.402598305
R72D,-0.461589846
R72G,-0.25894561
R72F,-0.468230646
R72I,-0.5
R72H,-0.314414946
R72K,-0.057220814
R72M,-0.341585431
R72L,-0.5
R72N,-0.323566724
R72Q,-0.277239248
R72P,-0.5
R72S,-0.178074298
R72R,0
R72T,-0.154954977
R72W,-0.5
R72V,-0.5
R72Y,-0.5
L73A,-0.5
L73C,-0.5
L73E,0.009348092
L73D,-0.21898938
L73G,0.047467997
L73F,
L73I,-0.270350918
L73H,
L73K,
L73M,-0.5
L73L,0
L73N,-0.056909872
L73Q,
L73P,
L73S,
L73R,0.069015831
L73T,-0.5
L73W,
L73V,-0.177521724
L73Y,-0.12837202
R74A,-0.5
R74C,-0.02235888
R74E,-0.5
R74D,-0.5
R74G,-0.056970727
R74F,
R74I,-0.134309523
R74H,
R74K,0.020738126
R74M,-0.5
R74L,
R74N,-0.5
R74Q,
R74P,0.085665138
R74S,-0.5
R74R,0
R74T,-0.5
R74W,
R74V,-0.251544943
R74Y,
G75A,-0.368424507
G75C,-0.184720879
G75E,-0.5
G75D,-0.5
G75G,0
G75F,-0.090382571
G75I,-0.38804119
G75H,-0.5
G75K,-0.5
G75M,-0.384339911
G75L,-0.5
G75N,-0.261224361
G75Q,-0.5
G75P,-0.5
G75S,
G75R,-0.452978312
G75T,-0.5
G75W,
G75V,-0.237721339
G75Y,-0.444986542
G76A,
G76C,-0.5
G76E,-0.39594075
G76D,-0.5
G76G,0
G76H,-0.452912253
G76L,-0.5
G76Q,-0.5
G76P,-0.440563676
G76S,-0.488488231
G76R,-0.5
G76T,-0.5
G76W,-0.467282944
G76V,-0.489299343