DMS_id,Kermut,Kermut (const. mean),Kermut (no m),"Kermut (no m, const. mean)",Kermut (no distance),Kermut (no p),Kermut (no global),Kermut (no Hellinger),Kermut (no Hellinger/p),Kermut (ProteinMPNN),Kermut (TranceptEVE),Kermut (ESM-IF1),Kermut (EVE),Kermut (GEMME),Kermut (VESPA),ESM-1v Embeddings,MSA Transformer Embeddings,DeepSequence + One-Hot Encodings,ESM-1v + One-Hot Encodings,MSA_Transformer + One-Hot Encodings,Tranception + One-Hot Encodings,TranceptEVE + One-Hot Encodings,One-Hot Encodings,ProteinNPT,Tranception Embeddings
A0A1I9GEU1_NEIME_Kennouche_2019,0.051,0.089,0.1,0.066,0.094,0.081,-0.062,0.034,0.07,0.093,0.037,0.05,0.026,0.07,0.046,0.082,0.073,0.092,0.063,0.095,0.047,0.067,-0.039,0.044,0.085
A0A247D711_LISMN_Stadelmann_2021,0.536,0.538,0.342,0.337,0.548,0.509,0.557,0.461,0.318,0.538,0.54,0.54,0.542,0.561,0.539,0.278,0.511,0.043,0.081,0.303,0.274,0.236,-0.051,0.402,0.298
A0A2Z5U3Z0_9INFA_Wu_2014,0.494,0.434,0.466,0.373,0.45,0.485,0.477,0.499,0.484,0.434,0.48,0.443,0.517,0.502,0.464,0.453,0.265,0.464,0.452,0.507,0.533,0.544,0.108,0.364,0.503
A4_HUMAN_Seuma_2022,0.656,0.653,0.614,0.635,0.649,0.658,0.523,0.656,0.659,0.653,0.653,0.653,0.653,0.657,0.65,0.58,0.433,0.45,0.289,0.338,0.448,0.479,-0.002,0.555,0.58
A4GRB6_PSEAI_Chen_2020,0.831,0.808,0.778,0.659,0.821,0.814,0.821,0.812,0.791,0.809,0.819,0.815,0.812,0.812,0.815,0.724,0.765,0.663,0.646,0.669,0.65,0.678,-0.0,0.775,0.695
AACC1_PSEAI_Dandage_2018,0.568,0.531,0.495,0.443,0.542,0.561,0.574,0.564,0.553,0.531,0.568,0.534,0.57,0.585,0.573,0.458,0.568,0.421,0.488,0.487,0.471,0.5,0.012,0.454,0.436
ACE2_HUMAN_Chan_2020,0.462,0.462,0.391,0.339,0.318,0.472,0.43,0.484,0.479,0.462,0.457,0.464,0.487,0.474,0.45,0.254,0.267,0.213,0.181,0.225,0.216,0.222,0.086,0.365,0.264
AICDA_HUMAN_Gajula_2014_3cycles,0.233,0.22,0.282,0.29,0.329,0.252,0.243,0.229,0.258,0.329,0.273,0.299,0.195,0.005,0.374,0.208,0.087,0.346,0.222,0.203,0.225,0.313,-0.19,0.185,0.068
AMFR_HUMAN_Tsuboyama_2023_4G3O,0.86,0.857,0.819,0.801,0.86,0.834,0.691,0.841,0.819,0.858,0.861,0.87,0.862,0.861,0.86,0.594,0.761,0.474,0.183,0.448,0.383,0.469,-0.07,0.794,0.623
ANCSZ_Hobbs_2022,0.665,0.609,0.615,0.44,0.615,0.653,0.658,0.665,0.652,0.609,0.619,0.615,0.636,0.628,0.631,0.588,0.532,0.47,0.523,0.484,0.537,0.543,0.017,0.591,0.601
ARGR_ECOLI_Tsuboyama_2023_1AOY,0.792,0.791,0.712,0.687,0.781,0.732,0.77,0.795,0.704,0.79,0.791,0.799,0.799,0.793,0.784,0.58,0.696,0.429,0.275,0.431,0.438,0.47,0.024,0.735,0.611
B2L11_HUMAN_Dutta_2010_binding-Mcl-1,0.286,0.179,0.028,-0.011,0.169,0.371,0.372,0.287,0.378,0.178,0.333,0.181,0.479,0.466,0.362,-0.112,0.378,0.71,0.041,0.289,0.393,0.416,0.016,0.251,0.209
BBC1_YEAST_Tsuboyama_2023_1TG0,0.819,0.81,0.782,0.734,0.821,0.793,0.709,0.826,0.793,0.809,0.809,0.84,0.813,0.81,0.807,0.64,0.675,0.426,0.453,0.377,0.414,0.425,0.02,0.69,0.605
BCHB_CHLTE_Tsuboyama_2023_2KRU,0.759,0.778,0.656,0.621,0.745,0.729,0.744,0.745,0.711,0.778,0.768,0.752,0.772,0.784,0.756,0.573,0.648,0.284,0.314,0.419,0.35,0.302,0.018,0.675,0.512
BLAT_ECOLX_Deng_2012,0.593,0.558,0.489,0.414,0.566,0.567,0.59,0.583,0.568,0.561,0.585,0.565,0.591,0.578,0.584,0.517,0.56,0.522,0.501,0.521,0.473,0.523,-0.034,0.508,0.442
BLAT_ECOLX_Firnberg_2014,0.836,0.805,0.795,0.711,0.828,0.827,0.831,0.835,0.817,0.806,0.832,0.822,0.834,0.825,0.832,0.762,0.802,0.744,0.661,0.701,0.63,0.73,0.046,0.808,0.663
BLAT_ECOLX_Jacquier_2013,0.745,0.701,0.718,0.648,0.739,0.733,0.738,0.749,0.733,0.702,0.728,0.711,0.732,0.718,0.738,0.702,0.7,0.703,0.644,0.653,0.635,0.714,0.025,0.679,0.632
BLAT_ECOLX_Stiffler_2015,0.826,0.788,0.779,0.69,0.817,0.812,0.833,0.816,0.794,0.789,0.814,0.803,0.822,0.816,0.823,0.763,0.794,0.742,0.665,0.688,0.622,0.73,-0.038,0.788,0.672
BRCA1_HUMAN_Findlay_2018,0.618,0.576,0.541,0.172,0.575,0.599,0.611,0.623,0.584,0.576,0.583,0.576,0.598,0.598,0.625,0.456,0.501,0.428,0.405,0.498,0.514,0.534,-0.062,0.487,0.517
CALM1_HUMAN_Weile_2017,0.193,0.154,0.204,0.153,0.19,0.196,0.179,0.196,0.202,0.158,0.217,0.151,0.213,0.22,0.208,0.242,0.278,0.233,0.236,0.251,0.267,0.247,0.02,0.203,0.21
CAPSD_AAV2S_Sinai_2021,0.618,0.623,0.485,0.492,0.38,0.587,0.435,0.62,0.608,0.623,0.643,0.624,0.708,0.715,0.653,0.496,0.685,0.551,0.156,0.573,0.516,0.539,0.125,0.69,0.679
CAR11_HUMAN_Meitlis_2020_gof,0.566,0.56,0.413,0.403,0.38,0.562,0.568,0.567,0.563,0.56,0.563,0.56,0.564,0.562,0.566,0.382,0.189,0.149,0.325,0.195,0.18,0.178,-0.016,0.478,0.384
CAR11_HUMAN_Meitlis_2020_lof,0.723,0.71,0.633,0.631,0.648,0.719,0.715,0.722,0.719,0.711,0.712,0.711,0.713,0.715,0.716,0.597,0.362,0.25,0.488,0.251,0.264,0.272,-0.087,0.578,0.538
CASP3_HUMAN_Roychowdhury_2020,0.711,0.666,0.652,0.605,0.648,0.696,0.711,0.711,0.696,0.665,0.686,0.673,0.696,0.699,0.69,0.623,0.688,0.621,0.59,0.649,0.584,0.627,-0.017,0.641,0.561
CASP7_HUMAN_Roychowdhury_2020,0.677,0.662,0.646,0.604,0.662,0.663,0.667,0.677,0.657,0.662,0.677,0.666,0.681,0.68,0.665,0.607,0.654,0.617,0.605,0.634,0.585,0.627,-0.023,0.607,0.568
CATR_CHLRE_Tsuboyama_2023_2AMI,0.804,0.791,0.798,0.752,0.794,0.785,0.565,0.79,0.782,0.791,0.801,0.755,0.796,0.802,0.792,0.757,0.742,0.347,0.322,0.248,0.408,0.4,-0.011,0.819,0.76
CBPA2_HUMAN_Tsuboyama_2023_1O6X,0.776,0.781,0.739,0.749,0.778,0.749,0.628,0.767,0.732,0.784,0.786,0.796,0.787,0.785,0.764,0.667,0.71,0.411,0.406,0.441,0.46,0.457,-0.068,0.724,0.613
CBX4_HUMAN_Tsuboyama_2023_2K28,0.809,0.807,0.769,0.754,0.799,0.789,0.684,0.807,0.786,0.818,0.821,0.821,0.82,0.817,0.816,0.578,0.766,0.519,0.474,0.614,0.515,0.58,-0.085,0.765,0.572
CCDB_ECOLI_Adkar_2012,0.639,0.612,0.599,0.576,0.257,0.632,0.646,0.524,0.535,0.612,0.611,0.614,0.628,0.651,0.611,0.489,0.684,0.55,0.35,0.441,0.454,0.523,-0.013,0.659,0.506
CCDB_ECOLI_Tripathi_2016,0.442,0.389,0.43,0.376,0.412,0.424,0.406,0.443,0.43,0.38,0.441,0.339,0.428,0.451,0.447,0.354,0.459,0.401,0.343,0.351,0.398,0.402,0.434,0.636,0.329
CD19_HUMAN_Klesmith_2019_FMC_singles,0.495,0.495,0.407,0.399,0.411,0.456,0.433,0.498,0.458,0.495,0.499,0.497,0.5,0.51,0.494,0.287,0.348,0.207,0.043,0.285,0.198,0.227,0.017,0.46,0.412
CSN4_MOUSE_Tsuboyama_2023_1UFM,0.832,0.835,0.751,0.755,0.835,0.772,0.682,0.825,0.741,0.837,0.834,0.845,0.834,0.834,0.829,0.727,0.739,0.364,0.555,0.4,0.499,0.457,-0.037,0.786,0.654
CUE1_YEAST_Tsuboyama_2023_2MYX,0.766,0.739,0.733,0.691,0.701,0.736,0.707,0.789,0.739,0.742,0.783,0.796,0.79,0.754,0.746,0.66,0.782,0.505,0.377,0.491,0.405,0.499,0.155,0.78,0.582
D7PM05_CLYGR_Somermeyer_2022,0.701,0.699,0.39,0.393,0.596,0.627,0.704,0.605,0.423,0.701,0.732,0.703,0.76,0.756,0.717,0.291,0.702,0.505,0.003,0.597,0.403,0.522,0.071,0.689,0.455
DLG4_HUMAN_Faure_2021,0.66,0.647,0.602,0.534,0.661,0.626,0.633,0.663,0.591,0.646,0.66,0.648,0.676,0.679,0.659,0.629,0.516,0.415,0.4,0.494,0.608,0.59,-0.025,0.516,0.663
DLG4_RAT_McLaughlin_2012,0.634,0.591,0.528,0.398,0.537,0.605,0.658,0.632,0.601,0.592,0.608,0.593,0.627,0.612,0.625,0.601,0.53,0.488,0.56,0.495,0.442,0.541,0.05,0.577,0.529
DN7A_SACS2_Tsuboyama_2023_1JIC,0.752,0.783,0.693,0.695,0.774,0.708,0.565,0.752,0.651,0.783,0.782,0.831,0.784,0.783,0.799,0.519,0.73,0.217,0.113,0.313,0.203,0.224,-0.023,0.757,0.553
DNJA1_HUMAN_Tsuboyama_2023_2LO1,0.82,0.81,0.795,0.761,0.801,0.823,0.79,0.818,0.82,0.813,0.792,0.815,0.784,0.8,0.811,0.749,0.723,0.433,0.397,0.315,0.557,0.473,0.158,0.772,0.724
DOCK1_MOUSE_Tsuboyama_2023_2M0Y,0.757,0.751,0.673,0.618,0.749,0.702,0.645,0.757,0.69,0.758,0.75,0.764,0.748,0.759,0.754,0.681,0.72,0.379,0.558,0.54,0.506,0.452,-0.08,0.725,0.55
DYR_ECOLI_Nguyen_2023,0.554,0.523,0.525,0.481,0.524,0.546,0.584,0.56,0.55,0.524,0.525,0.536,0.524,0.522,0.52,0.502,0.563,0.453,0.528,0.471,0.357,0.416,0.069,0.587,0.408
DYR_ECOLI_Thompson_2019,0.546,0.524,0.504,0.454,0.496,0.548,0.539,0.55,0.562,0.526,0.546,0.534,0.55,0.533,0.544,0.459,0.573,0.47,0.416,0.487,0.421,0.479,0.095,0.529,0.43
ENV_HV1B9_DuenasDecamp_2016,0.116,0.087,0.078,0.104,0.194,0.038,0.094,0.106,0.031,0.092,0.177,0.092,0.379,0.329,0.382,0.434,0.359,0.362,0.432,0.383,0.417,0.388,0.168,0.3,0.405
ENVZ_ECOLI_Ghose_2023,0.235,0.212,0.244,0.24,0.225,0.25,0.144,0.222,0.229,0.211,0.25,0.228,0.229,0.236,0.214,0.164,0.231,0.188,0.211,0.19,0.229,0.211,-0.002,0.211,0.131
EPHB2_HUMAN_Tsuboyama_2023_1F0M,0.817,0.815,0.778,0.746,0.814,0.791,0.797,0.815,0.788,0.816,0.811,0.824,0.812,0.81,0.803,0.743,0.785,0.552,0.624,0.568,0.576,0.591,0.078,0.817,0.634
ERBB2_HUMAN_Elazar_2016,0.653,0.636,0.517,0.533,0.456,0.638,0.667,0.648,0.645,0.636,0.643,0.636,0.65,0.646,0.639,0.643,0.625,0.247,0.466,0.411,0.483,0.436,-0.079,0.548,0.658
ESTA_BACSU_Nutschel_2020,0.589,0.598,0.422,0.412,0.571,0.572,0.573,0.558,0.48,0.601,0.601,0.61,0.596,0.6,0.605,0.388,0.548,0.423,0.3,0.435,0.329,0.403,-0.103,0.511,0.34
F7YBW7_MESOW_Ding_2023,0.337,0.341,0.191,0.203,0.298,0.357,0.388,0.337,0.356,0.344,0.32,0.352,0.264,0.354,0.308,0.292,0.48,0.228,0.317,0.434,0.51,0.417,-0.361,0.377,0.479
F7YBW8_MESOW_Aakre_2015,0.313,-0.443,0.103,-0.417,0.374,0.161,0.317,0.313,0.161,-0.122,0.36,-0.179,-0.144,-0.1,0.231,0.671,0.491,0.238,0.652,0.444,0.636,0.492,-0.418,0.342,0.495
FECA_ECOLI_Tsuboyama_2023_2D1U,0.824,0.81,0.774,0.726,0.815,0.799,0.692,0.807,0.778,0.811,0.808,0.832,0.805,0.83,0.811,0.481,0.702,0.429,0.236,0.438,0.275,0.338,0.034,0.719,0.465
FKBP3_HUMAN_Tsuboyama_2023_2KFV,0.688,0.691,0.319,0.322,0.664,0.583,0.732,0.645,0.373,0.697,0.702,0.739,0.711,0.708,0.683,0.392,0.63,0.494,0.169,0.284,0.342,0.416,0.078,0.663,0.53
GAL4_YEAST_Kitzman_2015,0.671,0.632,0.666,0.584,0.659,0.67,0.662,0.661,0.66,0.632,0.636,0.633,0.649,0.666,0.68,0.46,0.629,0.569,0.462,0.58,0.564,0.511,0.164,0.612,0.48
GCN4_YEAST_Staller_2018,0.631,0.334,0.623,-0.156,0.614,0.65,0.715,0.631,0.65,0.333,0.434,0.329,0.473,0.422,0.377,0.181,0.582,0.608,0.459,0.614,0.575,0.627,0.238,0.41,0.435
GDIA_HUMAN_Silverstein_2021,0.524,0.515,0.506,0.481,0.524,0.513,0.448,0.529,0.505,0.516,0.527,0.519,0.53,0.524,0.538,0.469,0.527,0.443,0.421,0.456,0.434,0.458,0.012,0.506,0.427
GFP_AEQVI_Sarkisyan_2016,0.492,0.495,0.297,0.297,0.432,0.421,0.516,0.455,0.278,0.497,0.552,0.525,0.543,0.531,0.494,0.244,0.493,0.473,0.044,0.442,0.412,0.521,-0.037,0.562,0.398
GLPA_HUMAN_Elazar_2016,0.459,0.426,0.474,0.449,0.449,0.478,0.394,0.457,0.477,0.424,0.442,0.427,0.434,0.428,0.439,0.573,0.473,0.219,0.394,0.352,0.434,0.395,0.162,0.488,0.65
GRB2_HUMAN_Faure_2021,0.824,0.792,0.801,0.732,0.818,0.804,0.795,0.831,0.797,0.795,0.801,0.807,0.802,0.802,0.786,0.698,0.617,0.556,0.573,0.589,0.502,0.59,0.179,0.638,0.534
HCP_LAMBD_Tsuboyama_2023_2L6Q,0.826,0.828,0.759,0.73,0.824,0.794,0.762,0.82,0.775,0.829,0.829,0.842,0.83,0.828,0.826,0.762,0.73,0.159,0.46,0.366,0.534,0.512,0.036,0.725,0.668
HECD1_HUMAN_Tsuboyama_2023_3DKM,0.825,0.793,0.781,0.728,0.8,0.795,0.751,0.824,0.792,0.791,0.829,0.814,0.837,0.816,0.83,0.563,0.828,0.608,0.267,0.666,0.543,0.602,0.157,0.819,0.681
HEM3_HUMAN_Loggerenberg_2023,0.494,0.458,0.449,0.41,0.436,0.49,0.483,0.493,0.487,0.458,0.484,0.462,0.495,0.506,0.508,0.419,0.449,0.408,0.376,0.433,0.436,0.44,-0.029,0.48,0.467
HIS7_YEAST_Pokusaeva_2019,0.009,0.018,0.079,-0.069,0.017,0.032,0.038,-0.03,0.024,-0.013,0.012,0.138,0.042,-0.076,0.048,-0.02,-0.051,0.083,0.087,0.064,0.07,0.07,-0.015,-0.106,-0.101
HSP82_YEAST_Cote-Hammarlof_2020_growth-H2O2,0.45,0.425,0.364,0.304,0.326,0.435,0.448,0.453,0.44,0.425,0.433,0.425,0.455,0.434,0.434,0.414,0.467,0.361,0.405,0.436,0.354,0.37,-0.006,0.489,0.416
HSP82_YEAST_Mishra_2016,0.603,0.581,0.542,0.407,0.537,0.596,0.591,0.587,0.579,0.58,0.59,0.579,0.601,0.602,0.597,0.571,0.487,0.544,0.54,0.474,0.525,0.547,-0.082,0.592,0.55
IF1_ECOLI_Kelsic_2016,0.564,0.367,0.565,0.363,0.519,0.565,0.555,0.573,0.57,0.368,0.528,0.47,0.522,0.472,0.541,0.52,0.504,0.541,0.536,0.24,0.492,0.536,0.135,0.52,0.585
ILF3_HUMAN_Tsuboyama_2023_2L33,0.649,0.644,0.593,0.578,0.62,0.621,0.573,0.649,0.61,0.643,0.635,0.637,0.638,0.652,0.647,0.621,0.666,0.431,0.362,0.421,0.401,0.435,-0.051,0.741,0.623
ISDH_STAAW_Tsuboyama_2023_2LHR,0.783,0.783,0.654,0.649,0.73,0.706,0.608,0.79,0.68,0.786,0.781,0.801,0.781,0.774,0.784,0.633,0.517,0.004,0.288,0.169,0.044,0.049,0.049,0.555,0.369
KCNE1_HUMAN_Muhammad_2023_expression,0.585,0.591,0.534,0.528,0.531,0.583,0.387,0.585,0.582,0.588,0.588,0.593,0.593,0.59,0.592,0.601,0.459,0.118,0.162,0.068,0.11,0.115,0.095,0.561,0.563
KCNE1_HUMAN_Muhammad_2023_function,0.691,0.678,0.684,0.669,0.675,0.692,0.661,0.68,0.682,0.677,0.717,0.676,0.697,0.683,0.704,0.657,0.674,0.489,0.472,0.479,0.618,0.633,0.036,0.672,0.674
KCNH2_HUMAN_Kozek_2020,0.469,0.455,0.541,0.53,0.487,0.502,0.274,0.452,0.503,0.454,0.503,0.454,0.534,0.553,0.463,0.488,0.391,0.262,0.184,0.293,0.54,0.502,0.307,0.415,0.385
KKA2_KLEPN_Melnikov_2014,0.741,0.714,0.709,0.678,0.71,0.734,0.714,0.736,0.729,0.714,0.732,0.728,0.734,0.73,0.726,0.664,0.701,0.62,0.595,0.592,0.583,0.628,-0.03,0.674,0.632
LYAM1_HUMAN_Elazar_2016,0.585,0.595,0.574,0.59,0.584,0.576,0.443,0.57,0.576,0.596,0.595,0.594,0.583,0.603,0.565,0.554,0.551,0.205,0.369,0.412,0.339,0.311,0.247,0.489,0.509
MAFG_MOUSE_Tsuboyama_2023_1K1V,0.814,0.805,0.777,0.766,0.805,0.788,0.646,0.828,0.789,0.806,0.805,0.777,0.805,0.801,0.803,0.593,0.527,0.222,0.349,0.224,0.45,0.399,-0.035,0.557,0.578
MBD11_ARATH_Tsuboyama_2023_6ACV,0.785,0.775,0.646,0.611,0.759,0.724,0.787,0.794,0.744,0.777,0.776,0.791,0.78,0.781,0.776,0.562,0.707,0.447,0.183,0.44,0.384,0.467,0.125,0.75,0.555
MET_HUMAN_Estevam_2023,0.639,0.609,0.608,0.528,0.617,0.627,0.618,0.639,0.628,0.609,0.623,0.621,0.635,0.622,0.619,0.59,0.618,0.565,0.55,0.602,0.565,0.575,0.1,0.601,0.6
MLAC_ECOLI_MacRae_2023,0.639,0.607,0.559,0.521,0.521,0.63,0.581,0.637,0.621,0.606,0.639,0.602,0.638,0.637,0.641,0.558,0.579,0.422,0.397,0.418,0.315,0.395,0.025,0.606,0.525
MTH3_HAEAE_RockahShmuel_2015,0.736,0.73,0.674,0.657,0.72,0.712,0.729,0.721,0.681,0.73,0.748,0.742,0.764,0.754,0.748,0.706,0.706,0.714,0.687,0.674,0.633,0.71,0.006,0.661,0.621
MYO3_YEAST_Tsuboyama_2023_2BTT,0.81,0.806,0.72,0.689,0.813,0.755,0.675,0.795,0.719,0.812,0.787,0.843,0.787,0.779,0.795,0.621,0.648,0.343,0.445,0.412,0.296,0.362,0.01,0.651,0.518
NKX31_HUMAN_Tsuboyama_2023_2L9R,0.817,0.789,0.81,0.754,0.814,0.817,0.75,0.813,0.81,0.791,0.8,0.786,0.798,0.802,0.788,0.759,0.792,0.594,0.532,0.598,0.593,0.625,0.135,0.82,0.721
NPC1_HUMAN_Erwood_2022_HEK293T,0.777,0.717,0.712,0.462,0.737,0.748,0.78,0.785,0.755,0.717,0.726,0.717,0.767,0.774,0.767,0.448,0.748,0.63,0.327,0.736,0.692,0.722,-0.103,0.733,0.709
NPC1_HUMAN_Erwood_2022_RPE1,0.71,0.691,0.503,0.232,0.53,0.645,0.679,0.709,0.645,0.694,0.705,0.685,0.709,0.678,0.765,0.225,0.761,0.549,0.268,0.755,0.77,0.74,0.441,0.734,0.663
NRAM_I33A0_Jiang_2016,0.725,0.731,0.498,0.592,0.479,0.682,0.719,0.722,0.68,0.728,0.747,0.731,0.779,0.774,0.741,0.356,0.729,0.482,0.147,0.619,0.613,0.625,0.106,0.729,0.727
NUD15_HUMAN_Suiter_2020,0.685,0.67,0.624,0.61,0.668,0.673,0.692,0.685,0.653,0.673,0.712,0.675,0.698,0.703,0.715,0.629,0.719,0.595,0.6,0.671,0.604,0.633,-0.001,0.72,0.615
NUSA_ECOLI_Tsuboyama_2023_1WCL,0.88,0.876,0.839,0.834,0.872,0.851,0.78,0.872,0.841,0.877,0.871,0.876,0.87,0.878,0.879,0.774,0.806,0.429,0.338,0.375,0.463,0.502,0.019,0.837,0.732
NUSG_MYCTU_Tsuboyama_2023_2MI6,0.895,0.894,0.856,0.837,0.886,0.876,0.763,0.893,0.875,0.899,0.895,0.907,0.893,0.891,0.886,0.758,0.847,0.495,0.314,0.503,0.481,0.488,0.095,0.866,0.746
OBSCN_HUMAN_Tsuboyama_2023_1V1C,0.836,0.841,0.776,0.757,0.82,0.775,0.769,0.834,0.775,0.843,0.85,0.849,0.849,0.855,0.836,0.72,0.768,0.636,0.584,0.617,0.552,0.628,0.055,0.768,0.609
ODP2_GEOSE_Tsuboyama_2023_1W4G,0.734,0.73,0.73,0.719,0.751,0.742,0.699,0.742,0.708,0.738,0.714,0.767,0.719,0.7,0.722,0.2,0.633,0.389,0.102,0.45,0.399,0.415,0.066,0.645,0.416
OPSD_HUMAN_Wan_2019,0.734,0.684,0.64,0.529,0.706,0.716,0.754,0.736,0.712,0.685,0.701,0.689,0.718,0.687,0.704,0.655,0.706,0.547,0.51,0.582,0.517,0.507,0.153,0.695,0.66
OTC_HUMAN_Lo_2023,0.806,0.777,0.653,0.606,0.707,0.771,0.784,0.804,0.747,0.779,0.794,0.793,0.806,0.81,0.79,0.705,0.768,0.518,0.575,0.573,0.612,0.597,0.062,0.783,0.664
OTU7A_HUMAN_Tsuboyama_2023_2L2D,0.807,0.813,0.825,0.837,0.807,0.813,0.482,0.819,0.81,0.81,0.805,0.829,0.804,0.812,0.826,0.805,0.461,0.216,0.624,0.253,0.301,0.267,0.095,0.55,0.463
P53_HUMAN_Kotler_2018,0.744,0.698,0.701,0.636,0.719,0.732,0.743,0.727,0.714,0.698,0.708,0.701,0.725,0.724,0.728,0.589,0.629,0.558,0.535,0.58,0.559,0.578,0.049,0.593,0.593
P84126_THETH_Chan_2017,0.724,0.655,0.673,0.595,0.639,0.713,0.668,0.726,0.712,0.657,0.683,0.71,0.691,0.676,0.685,0.645,0.724,0.619,0.556,0.639,0.549,0.583,0.122,0.679,0.576
PA_I34A1_Wu_2015,0.457,0.466,0.24,0.29,0.252,0.435,0.445,0.455,0.416,0.461,0.504,0.46,0.613,0.609,0.506,0.105,0.192,0.504,0.051,0.304,0.569,0.58,0.006,0.261,0.588
PABP_YEAST_Melamed_2013,0.749,0.654,0.731,0.545,0.696,0.759,0.709,0.76,0.763,0.654,0.676,0.662,0.727,0.738,0.713,0.728,0.727,0.535,0.658,0.676,0.656,0.662,-0.018,0.72,0.724
PAI1_HUMAN_Huttinger_2021,0.544,0.537,0.508,0.5,0.518,0.522,0.502,0.543,0.523,0.536,0.54,0.537,0.543,0.541,0.537,0.414,0.489,0.392,0.407,0.438,0.411,0.425,0.006,0.538,0.447
PHOT_CHLRE_Chen_2023,0.676,0.601,0.661,0.54,0.669,0.674,0.656,0.682,0.672,0.601,0.628,0.599,0.624,0.616,0.649,0.647,0.659,0.613,0.616,0.598,0.564,0.59,0.019,0.645,0.586
PIN1_HUMAN_Tsuboyama_2023_1I6C,0.826,0.802,0.802,0.754,0.813,0.8,0.721,0.831,0.809,0.802,0.827,0.81,0.829,0.825,0.8,0.691,0.769,0.615,0.558,0.655,0.669,0.696,-0.092,0.762,0.761
PITX2_HUMAN_Tsuboyama_2023_2L7M,0.765,0.723,0.743,0.67,0.762,0.757,0.716,0.781,0.746,0.731,0.728,0.782,0.728,0.723,0.722,0.608,0.711,0.512,0.454,0.559,0.519,0.522,-0.008,0.677,0.59
PKN1_HUMAN_Tsuboyama_2023_1URF,0.684,0.69,0.666,0.666,0.69,0.668,0.476,0.66,0.642,0.694,0.691,0.699,0.688,0.689,0.688,0.56,0.603,0.224,0.288,0.219,0.305,0.285,0.009,0.68,0.574
POLG_HCVJF_Qi_2014,0.594,0.598,0.122,0.351,0.581,0.506,0.594,0.4,0.124,0.597,0.606,0.609,0.687,0.707,0.677,0.563,0.678,0.403,0.607,0.564,0.587,0.58,-0.058,0.664,0.56
POLG_PESV_Tsuboyama_2023_2MXD,0.724,0.725,0.528,0.528,0.721,0.626,0.705,0.681,0.542,0.731,0.748,0.784,0.751,0.737,0.731,0.545,0.687,0.202,0.049,0.445,0.124,0.2,0.033,0.709,0.505
PR40A_HUMAN_Tsuboyama_2023_1UZC,0.745,0.738,0.654,0.609,0.751,0.714,0.711,0.724,0.666,0.746,0.719,0.774,0.712,0.747,0.755,0.531,0.79,0.438,0.238,0.588,0.473,0.51,0.11,0.782,0.576
PSAE_SYNP2_Tsuboyama_2023_1PSE,0.731,0.713,0.699,0.656,0.713,0.72,0.654,0.718,0.707,0.715,0.714,0.723,0.716,0.714,0.704,0.659,0.521,0.336,0.385,0.189,0.228,0.286,0.017,0.588,0.533
PTEN_HUMAN_Matreyek_2021,0.663,0.658,0.61,0.592,0.595,0.655,0.638,0.663,0.651,0.658,0.664,0.659,0.659,0.663,0.659,0.519,0.546,0.388,0.407,0.432,0.411,0.445,0.011,0.604,0.571
Q53Z42_HUMAN_McShan_2019_binding-TAPBPR,0.647,0.639,0.579,0.564,0.549,0.639,0.554,0.632,0.617,0.638,0.647,0.64,0.65,0.642,0.651,0.591,0.572,0.356,0.302,0.316,0.296,0.353,-0.06,0.604,0.6
Q53Z42_HUMAN_McShan_2019_expression,0.658,0.621,0.598,0.558,0.634,0.631,0.635,0.656,0.614,0.621,0.649,0.625,0.673,0.665,0.642,0.535,0.618,0.54,0.468,0.559,0.533,0.565,-0.025,0.591,0.554
Q59976_STRSQ_Romero_2015,0.722,0.708,0.682,0.652,0.698,0.711,0.692,0.718,0.705,0.709,0.725,0.721,0.744,0.739,0.731,0.568,0.663,0.644,0.52,0.655,0.657,0.675,0.018,0.7,0.67
Q6WV13_9MAXI_Somermeyer_2022,0.471,0.473,0.184,0.185,0.383,0.398,0.502,0.358,0.237,0.473,0.497,0.484,0.5,0.508,0.471,0.177,0.528,0.256,0.048,0.355,0.262,0.303,0.085,0.589,0.278
Q837P4_ENTFA_Meier_2023,0.636,0.588,0.631,0.485,0.578,0.625,0.564,0.64,0.627,0.588,0.618,0.596,0.671,0.645,0.665,0.63,0.611,0.506,0.545,0.529,0.52,0.551,0.19,0.675,0.623
Q837P5_ENTFA_Meier_2023,0.605,0.535,0.446,0.354,0.402,0.587,0.56,0.613,0.593,0.536,0.568,0.544,0.61,0.607,0.625,0.392,0.503,0.454,0.327,0.326,0.465,0.449,-0.078,0.571,0.58
Q8WTC7_9CNID_Somermeyer_2022,0.534,0.534,0.215,0.217,0.412,0.49,0.526,0.429,0.341,0.535,0.564,0.55,0.563,0.562,0.537,0.238,0.482,0.142,-0.003,0.348,0.275,0.307,0.013,0.439,0.273
R1AB_SARS2_Flynn_2022,0.642,0.648,0.38,0.365,0.518,0.601,0.693,0.614,0.546,0.649,0.678,0.671,0.691,0.691,0.678,0.332,0.242,0.234,-0.03,-0.037,0.399,0.565,0.0,0.419,0.591
RAD_ANTMA_Tsuboyama_2023_2CJJ,0.707,0.722,0.637,0.638,0.676,0.699,0.61,0.704,0.699,0.722,0.715,0.718,0.711,0.711,0.704,0.606,0.666,0.187,0.294,0.466,0.274,0.257,-0.095,0.688,0.494
RAF1_HUMAN_Zinkus-Boltz_2019,0.423,0.313,0.429,0.318,0.435,0.443,0.48,0.421,0.425,0.314,0.352,0.313,0.383,0.417,0.471,0.338,0.463,0.375,0.408,0.47,0.386,0.426,0.167,0.376,0.266
RASH_HUMAN_Bandaru_2017,0.719,0.708,0.641,0.612,0.605,0.715,0.651,0.718,0.714,0.708,0.719,0.712,0.714,0.713,0.705,0.611,0.614,0.475,0.351,0.41,0.451,0.488,0.113,0.61,0.612
RASK_HUMAN_Weng_2022_abundance,0.653,0.644,0.597,0.595,0.574,0.648,0.53,0.653,0.648,0.644,0.643,0.647,0.634,0.644,0.642,0.54,0.618,0.153,0.078,0.165,0.283,0.21,0.104,0.632,0.628
RASK_HUMAN_Weng_2022_binding-DARPin_K55,0.703,0.675,0.635,0.519,0.57,0.696,0.651,0.702,0.695,0.676,0.685,0.692,0.675,0.69,0.685,0.618,0.658,0.502,0.474,0.579,0.488,0.515,0.01,0.711,0.68
RBP1_HUMAN_Tsuboyama_2023_2KWH,0.871,0.864,0.87,0.866,0.872,0.87,0.676,0.871,0.87,0.866,0.868,0.869,0.868,0.865,0.858,0.807,0.682,0.326,0.462,0.177,0.369,0.332,0.062,0.739,0.646
RCD1_ARATH_Tsuboyama_2023_5OAO,0.835,0.824,0.841,0.833,0.835,0.83,0.56,0.835,0.829,0.827,0.823,0.836,0.824,0.824,0.823,0.789,0.729,0.289,0.18,0.274,0.245,0.305,-0.113,0.736,0.608
RCRO_LAMBD_Tsuboyama_2023_1ORC,0.781,0.763,0.7,0.657,0.776,0.743,0.758,0.789,0.717,0.77,0.772,0.796,0.759,0.78,0.762,0.608,0.712,0.454,0.359,0.486,0.409,0.464,0.169,0.723,0.59
RD23A_HUMAN_Tsuboyama_2023_1IFY,0.829,0.829,0.802,0.789,0.838,0.813,0.747,0.833,0.797,0.829,0.823,0.825,0.826,0.83,0.83,0.799,0.806,0.448,0.567,0.568,0.537,0.524,-0.172,0.839,0.676
REV_HV1H2_Fernandes_2016,0.407,0.407,0.368,0.363,0.377,0.398,0.378,0.41,0.389,0.409,0.413,0.418,0.405,0.405,0.435,0.377,0.389,0.235,0.253,0.257,0.242,0.242,0.063,0.296,0.334
RFAH_ECOLI_Tsuboyama_2023_2LCL,0.707,0.698,0.685,0.667,0.694,0.7,0.438,0.71,0.698,0.699,0.7,0.724,0.702,0.694,0.7,0.607,0.65,0.314,0.242,0.278,0.222,0.262,-0.134,0.641,0.577
RL20_AQUAE_Tsuboyama_2023_1GYZ,0.611,0.625,0.529,0.499,0.589,0.597,0.609,0.615,0.594,0.64,0.583,0.689,0.597,0.621,0.586,0.506,0.447,0.256,0.356,0.213,0.291,0.272,-0.049,0.413,0.416
RL40A_YEAST_Mavor_2016,0.609,0.574,0.59,0.536,0.584,0.607,0.568,0.612,0.614,0.575,0.605,0.557,0.603,0.587,0.587,0.533,0.534,0.41,0.273,0.379,0.386,0.403,-0.001,0.511,0.422
RL40A_YEAST_Roscoe_2013,0.725,0.66,0.688,0.588,0.656,0.725,0.698,0.726,0.729,0.659,0.694,0.677,0.694,0.695,0.719,0.673,0.727,0.466,0.299,0.411,0.442,0.462,0.019,0.668,0.641
RL40A_YEAST_Roscoe_2014,0.601,0.563,0.572,0.507,0.618,0.612,0.579,0.554,0.559,0.563,0.558,0.584,0.559,0.569,0.547,0.395,0.451,0.375,0.234,0.368,0.402,0.377,0.093,0.436,0.425
RNC_ECOLI_Weeks_2023,0.673,0.628,0.642,0.576,0.622,0.67,0.675,0.676,0.67,0.629,0.658,0.63,0.663,0.661,0.649,0.652,0.672,0.581,0.575,0.59,0.547,0.605,-0.029,0.706,0.636
RPC1_BP434_Tsuboyama_2023_1R69,0.883,0.87,0.864,0.821,0.879,0.874,0.77,0.876,0.864,0.872,0.868,0.89,0.874,0.874,0.876,0.827,0.837,0.536,0.675,0.566,0.644,0.567,0.283,0.832,0.716
RPC1_LAMBD_Li_2019_high-expression,0.553,0.495,0.56,0.473,0.553,0.555,0.55,0.554,0.56,0.494,0.516,0.501,0.522,0.504,0.536,0.429,0.47,0.502,0.461,0.474,0.472,0.498,0.135,0.439,0.42
RPC1_LAMBD_Li_2019_low-expression,0.582,0.557,0.573,0.54,0.566,0.591,0.596,0.59,0.584,0.558,0.572,0.564,0.601,0.568,0.621,0.492,0.624,0.507,0.466,0.431,0.47,0.507,0.24,0.529,0.447
RS15_GEOSE_Tsuboyama_2023_1A32,0.797,0.797,0.769,0.755,0.792,0.778,0.578,0.785,0.764,0.802,0.785,0.797,0.789,0.792,0.796,0.776,0.725,0.34,0.363,0.406,0.372,0.326,-0.023,0.734,0.631
SAV1_MOUSE_Tsuboyama_2023_2YSB,0.73,0.719,0.672,0.645,0.728,0.696,0.655,0.704,0.672,0.716,0.726,0.738,0.722,0.719,0.725,0.59,0.64,0.439,0.57,0.609,0.502,0.494,0.058,0.694,0.548
SBI_STAAM_Tsuboyama_2023_2JVG,0.738,0.734,0.688,0.649,0.741,0.741,0.592,0.71,0.693,0.735,0.734,0.755,0.73,0.733,0.74,0.572,0.739,0.341,0.257,0.54,0.306,0.381,0.072,0.74,0.558
SCIN_STAAR_Tsuboyama_2023_2QFF,0.779,0.77,0.687,0.684,0.771,0.733,0.519,0.795,0.726,0.78,0.773,0.799,0.777,0.772,0.773,0.636,0.741,0.269,0.31,0.267,0.15,0.256,-0.037,0.759,0.541
SCN5A_HUMAN_Glazer_2019,0.184,-0.061,0.183,0.035,0.174,0.171,0.18,0.184,0.172,-0.062,0.077,-0.052,0.174,0.121,0.168,0.131,0.156,0.178,0.218,0.137,0.081,0.169,-0.118,0.099,0.127
SDA_BACSU_Tsuboyama_2023_1PV0,0.859,0.854,0.829,0.793,0.859,0.829,0.681,0.855,0.825,0.864,0.85,0.859,0.856,0.862,0.846,0.706,0.788,0.553,0.43,0.59,0.514,0.572,-0.06,0.763,0.669
SERC_HUMAN_Xie_2023,0.607,0.56,0.569,0.476,0.569,0.595,0.586,0.607,0.596,0.562,0.576,0.563,0.584,0.585,0.588,0.538,0.557,0.543,0.534,0.546,0.543,0.551,-0.055,0.552,0.549
SOX30_HUMAN_Tsuboyama_2023_7JJK,0.724,0.759,0.693,0.714,0.719,0.669,0.562,0.721,0.67,0.758,0.737,0.744,0.735,0.728,0.754,0.66,0.574,0.239,0.346,0.27,0.223,0.256,0.003,0.674,0.443
SPA_STAAU_Tsuboyama_2023_1LP1,0.794,0.793,0.601,0.607,0.781,0.714,0.636,0.79,0.695,0.796,0.797,0.812,0.797,0.802,0.79,0.521,0.721,0.287,0.09,0.443,0.294,0.342,0.013,0.702,0.617
SPG1_STRSG_Olson_2014,0.559,0.515,0.61,0.581,0.601,0.573,0.633,0.397,0.4,0.52,0.533,0.532,0.542,0.52,0.579,0.66,0.253,0.051,0.247,0.289,0.296,0.3,-0.055,0.247,0.607
SPG1_STRSG_Wu_2016,0.778,0.877,0.031,0.005,0.662,0.312,0.746,0.762,0.318,0.904,0.866,0.92,0.753,0.714,0.93,0.58,-0.518,-0.509,0.29,-0.654,-0.108,-0.258,-0.222,-0.235,0.243
SPG2_STRSG_Tsuboyama_2023_5UBS,0.808,0.83,0.776,0.789,0.806,0.779,0.58,0.798,0.78,0.827,0.823,0.812,0.827,0.833,0.823,0.646,0.631,0.192,0.179,0.098,0.087,0.249,-0.017,0.65,0.499
SPIKE_SARS2_Starr_2020_binding,0.706,0.703,0.326,0.319,0.532,0.664,0.749,0.665,0.576,0.705,0.708,0.705,0.709,0.71,0.705,0.233,0.338,0.163,-0.057,0.418,0.315,0.343,0.132,0.344,0.507
SPIKE_SARS2_Starr_2020_expression,0.778,0.78,0.416,0.409,0.588,0.724,0.763,0.742,0.622,0.78,0.783,0.78,0.781,0.784,0.778,0.236,0.557,0.281,-0.021,0.555,0.367,0.475,0.026,0.61,0.565
SPTN1_CHICK_Tsuboyama_2023_1TUD,0.745,0.743,0.678,0.624,0.767,0.705,0.707,0.732,0.687,0.75,0.73,0.772,0.718,0.726,0.754,0.676,0.638,0.454,0.526,0.44,0.478,0.483,0.041,0.661,0.605
SQSTM_MOUSE_Tsuboyama_2023_2RRU,0.864,0.856,0.83,0.816,0.858,0.855,0.783,0.857,0.841,0.854,0.858,0.852,0.86,0.854,0.855,0.698,0.826,0.623,0.394,0.605,0.603,0.634,0.116,0.862,0.766
SR43C_ARATH_Tsuboyama_2023_2N88,0.858,0.856,0.81,0.802,0.862,0.817,0.785,0.836,0.807,0.857,0.851,0.865,0.847,0.838,0.858,0.654,0.698,0.541,0.489,0.549,0.536,0.563,0.081,0.726,0.624
SRBS1_HUMAN_Tsuboyama_2023_2O2W,0.775,0.782,0.679,0.657,0.798,0.741,0.783,0.764,0.694,0.784,0.786,0.809,0.786,0.779,0.795,0.596,0.75,0.56,0.507,0.633,0.574,0.601,-0.046,0.754,0.628
SRC_HUMAN_Ahler_2019,0.65,0.603,0.605,0.529,0.53,0.643,0.644,0.654,0.649,0.603,0.617,0.611,0.628,0.634,0.638,0.596,0.407,0.463,0.562,0.371,0.493,0.516,0.003,0.491,0.531
SRC_HUMAN_Chakraborty_2023_binding-DAS_25uM,0.54,0.509,0.529,0.457,0.396,0.556,0.518,0.548,0.559,0.509,0.527,0.514,0.529,0.539,0.546,0.5,0.502,0.424,0.476,0.467,0.396,0.431,-0.099,0.455,0.447
SRC_HUMAN_Nguyen_2022,0.592,0.55,0.528,0.482,0.474,0.582,0.578,0.598,0.586,0.55,0.562,0.557,0.567,0.576,0.582,0.524,0.517,0.425,0.48,0.47,0.398,0.428,-0.061,0.497,0.439
SUMO1_HUMAN_Weile_2017,0.588,0.536,0.59,0.514,0.556,0.597,0.557,0.588,0.589,0.537,0.565,0.559,0.562,0.541,0.565,0.496,0.56,0.437,0.468,0.498,0.415,0.465,0.049,0.487,0.463
SYUA_HUMAN_Newberry_2020,0.562,0.564,0.531,0.525,0.536,0.567,0.278,0.561,0.567,0.564,0.568,0.565,0.565,0.563,0.568,0.596,0.574,0.127,0.238,0.147,0.156,0.151,0.054,0.581,0.583
TADBP_HUMAN_Bolognesi_2019,0.761,0.76,0.76,0.742,0.765,0.763,0.328,0.758,0.763,0.761,0.759,0.76,0.76,0.759,0.756,0.774,0.708,0.09,0.053,0.036,0.121,0.105,-0.013,0.766,0.729
TAT_HV1BR_Fernandes_2016,0.423,0.434,0.378,0.347,0.421,0.416,0.469,0.466,0.461,0.433,0.461,0.444,0.49,0.501,0.496,0.464,0.486,0.266,0.338,0.326,0.237,0.266,-0.013,0.458,0.424
TCRG1_MOUSE_Tsuboyama_2023_1E0L,0.849,0.835,0.847,0.831,0.855,0.848,0.744,0.844,0.846,0.845,0.827,0.827,0.824,0.841,0.838,0.812,0.648,0.345,0.711,0.547,0.538,0.493,0.102,0.704,0.691
THO1_YEAST_Tsuboyama_2023_2WQG,0.765,0.747,0.736,0.703,0.764,0.762,0.588,0.777,0.756,0.761,0.729,0.761,0.719,0.752,0.754,0.544,0.669,0.299,0.355,0.391,0.262,0.29,0.094,0.709,0.505
TNKS2_HUMAN_Tsuboyama_2023_5JRT,0.847,0.842,0.774,0.752,0.834,0.812,0.74,0.848,0.802,0.843,0.839,0.852,0.846,0.844,0.821,0.761,0.732,0.556,0.594,0.482,0.558,0.575,-0.11,0.742,0.677
TPK1_HUMAN_Weile_2017,0.348,0.291,0.354,0.255,0.318,0.349,0.343,0.354,0.352,0.288,0.32,0.304,0.281,0.328,0.33,0.315,0.368,0.225,0.268,0.276,0.303,0.275,-0.021,0.314,0.248
TPMT_HUMAN_Matreyek_2018,0.61,0.597,0.564,0.531,0.596,0.588,0.594,0.608,0.578,0.597,0.607,0.609,0.607,0.61,0.607,0.554,0.564,0.509,0.516,0.475,0.478,0.514,0.055,0.529,0.527
TPOR_HUMAN_Bridgford_2020,0.516,0.468,0.476,0.475,0.436,0.501,0.329,0.507,0.503,0.468,0.484,0.469,0.501,0.51,0.507,0.538,0.488,0.256,0.371,0.473,0.445,0.434,-0.056,0.526,0.48
TRPC_SACS2_Chan_2017,0.678,0.611,0.665,0.582,0.663,0.68,0.685,0.681,0.681,0.611,0.643,0.646,0.656,0.633,0.68,0.662,0.696,0.576,0.611,0.66,0.593,0.603,0.053,0.64,0.614
TRPC_THEMA_Chan_2017,0.58,0.467,0.55,0.413,0.446,0.566,0.554,0.592,0.571,0.469,0.528,0.532,0.569,0.549,0.591,0.501,0.55,0.418,0.482,0.476,0.44,0.445,-0.005,0.585,0.484
UBC9_HUMAN_Weile_2017,0.596,0.535,0.529,0.483,0.448,0.59,0.532,0.593,0.592,0.535,0.599,0.569,0.611,0.608,0.599,0.516,0.6,0.531,0.478,0.521,0.477,0.542,0.025,0.545,0.472
UBE4B_HUMAN_Tsuboyama_2023_3L1X,0.851,0.838,0.785,0.745,0.84,0.833,0.781,0.852,0.828,0.839,0.84,0.855,0.837,0.839,0.848,0.68,0.741,0.488,0.552,0.533,0.429,0.488,0.069,0.727,0.517
UBE4B_MOUSE_Starita_2013,0.504,0.438,0.46,-0.017,0.44,0.503,0.502,0.503,0.5,0.439,0.467,0.438,0.507,0.491,0.504,0.442,0.364,0.465,0.447,0.363,0.39,0.472,-0.003,0.329,0.474
UBR5_HUMAN_Tsuboyama_2023_1I2T,0.722,0.731,0.63,0.661,0.714,0.689,0.578,0.715,0.64,0.742,0.743,0.731,0.752,0.734,0.723,0.653,0.724,0.379,0.333,0.345,0.442,0.456,0.06,0.709,0.647
VG08_BPP22_Tsuboyama_2023_2GP8,0.844,0.822,0.831,0.775,0.849,0.843,0.715,0.844,0.838,0.825,0.821,0.835,0.821,0.82,0.82,0.796,0.676,0.238,0.56,0.428,0.461,0.403,0.061,0.663,0.66
VILI_CHICK_Tsuboyama_2023_1YU5,0.815,0.771,0.741,0.647,0.819,0.782,0.768,0.78,0.754,0.771,0.777,0.816,0.792,0.77,0.803,0.67,0.652,0.588,0.51,0.566,0.409,0.565,-0.036,0.582,0.446
VKOR1_HUMAN_Chiasson_2020_abundance,0.696,0.696,0.629,0.614,0.657,0.651,0.636,0.698,0.651,0.697,0.711,0.692,0.7,0.692,0.686,0.604,0.667,0.421,0.445,0.505,0.547,0.536,0.003,0.615,0.603
VKOR1_HUMAN_Chiasson_2020_activity,0.445,0.42,0.432,0.394,0.43,0.448,0.455,0.447,0.448,0.418,0.437,0.423,0.44,0.422,0.428,0.398,0.458,0.409,0.428,0.418,0.403,0.438,0.033,0.375,0.33
VRPI_BPT7_Tsuboyama_2023_2WNM,0.84,0.837,0.818,0.799,0.842,0.83,0.717,0.836,0.826,0.835,0.837,0.845,0.836,0.835,0.831,0.723,0.596,0.183,0.345,0.225,-0.045,0.009,0.032,0.625,0.505
YAIA_ECOLI_Tsuboyama_2023_2KVT,0.764,0.767,0.703,0.683,0.687,0.73,0.695,0.762,0.73,0.767,0.768,0.796,0.771,0.775,0.774,0.549,0.654,0.232,0.248,0.293,0.283,0.328,0.057,0.607,0.399
YAP1_HUMAN_Araya_2012,0.683,0.573,0.704,0.624,0.683,0.692,0.637,0.683,0.692,0.571,0.656,0.575,0.728,0.668,0.657,0.555,0.514,0.648,0.383,0.055,0.476,0.611,0.026,0.473,0.551
YNZC_BACSU_Tsuboyama_2023_2JVD,0.783,0.78,0.77,0.799,0.744,0.773,0.603,0.785,0.777,0.794,0.766,0.804,0.774,0.769,0.766,0.691,0.525,0.207,0.476,0.28,0.27,0.255,-0.059,0.652,0.382
