fold,mutant,y,y_pred,y_var,train
1,F1I,-3.598,-0.10757685,2.4148376,False
1,F1L,-0.678,-0.20575166,2.4180226,False
1,F1Y,-2.373,-0.07500938,2.5046082,False
1,F1V,1.299,-0.042683154,2.4322226,False
1,F1S,-0.127,-0.20115322,2.3911076,False
1,L6R,-3.455,-0.400127,2.3984528,False
1,L6Q,-0.957,-0.30370665,2.46676,False
1,L6P,1.438,-0.2549543,2.378944,False
1,L6V,-2.78,-0.298271,2.419168,False
1,L6M,0.71,-0.2292476,2.3835435,False
1,A11V,0.943,0.17713554,2.375651,False
1,A11T,0.12,0.1546303,2.3550296,False
1,A11S,0.503,0.22367226,2.348226,False
1,A11G,1.792,0.12700264,2.3704863,False
1,A11D,1.9,0.062476963,2.3638246,False
1,A11P,-0.117,0.06757805,2.3511403,False
1,L16M,-0.339,-0.18483791,2.3844976,False
1,L16S,0.827,-0.21534427,2.3871617,False
1,L16F,0.842,-0.03389021,2.4073815,False
1,L16W,1.177,-0.31258553,2.386864,False
1,L16V,-0.698,-0.31591126,2.420536,False
1,L21V,2.987,-0.18065426,2.420232,False
1,L21R,0.524,-0.27712446,2.4002638,False
1,L21P,-2.926,-0.23514897,2.379818,False
1,L21I,-0.303,0.044172365,2.4066124,False
1,L21H,0.785,-0.025702015,2.4234114,False
1,L21F,0.86,0.06881498,2.4083986,False
1,D26Y,1.171,-0.14066266,2.4650724,False
1,D26V,0.35,0.0355421,2.4002085,False
1,D26N,1.039,0.19901174,2.4108334,False
1,D26H,2.01,0.055336446,2.4034016,False
1,D26G,-1.016,-0.034927882,2.3970451,False
1,D26E,0.289,0.02392926,2.3890696,False
1,A31P,1.476,0.03680888,2.3524618,False
1,A31S,-0.283,0.35645586,2.3510346,False
1,A31G,1.717,0.10908435,2.3755596,False
1,A31V,1.578,0.14816743,2.3826103,False
1,A31E,-2.048,0.20773709,2.3758407,False
1,A31T,1.049,0.23412699,2.3589456,False
1,A36D,1.381,0.20571467,2.3640723,False
1,A36G,0.213,0.15242763,2.3725755,False
1,A36T,0.02,0.21874344,2.3580656,False
1,A36P,-0.598,0.15037853,2.3534782,False
1,A36S,-3.179,0.38063192,2.3514442,False
1,A36V,-0.786,0.1663939,2.3801367,False
1,E41A,-2.83,-0.11572282,2.381285,False
1,E41V,-1.215,-0.10714337,2.4202504,False
1,E41G,0.229,-0.051100835,2.412838,False
1,E41K,0.631,-0.103486,2.3919215,False
1,E41Q,-1.891,-0.24772313,2.45718,False
1,E41D,0.596,-0.04434418,2.3921673,False
1,A46P,0.136,0.2315136,2.3469646,False
1,A46S,-1.85,0.42483658,2.3449345,False
1,A46T,0.351,0.2991653,2.3508577,False
1,A46V,1.329,0.14652145,2.3726118,False
1,A46G,1.258,0.121658176,2.3653724,False
1,A46D,1.141,0.33163446,2.3584182,False
1,Y51N,2.665,-0.28538117,2.5402977,False
1,Y51H,-0.341,-0.037193805,2.50967,False
1,Y51F,1.185,-0.01625338,2.5060863,False
1,Y51C,0.826,-0.3975479,2.540605,False
1,Y51S,0.592,-0.2061243,2.4599771,False
1,E56G,0.193,-0.024995074,2.4147668,False
1,E56D,0.223,-0.10143711,2.394197,False
1,E56K,-0.303,-0.008450832,2.3942072,False
1,E56Q,-0.073,-0.24953991,2.4615178,False
1,E56V,-0.727,0.032158572,2.4221084,False
1,E56A,3.576,-0.19371796,2.3824527,False
1,N61T,-0.535,-0.19969893,2.4190006,False
1,N61D,0.173,-0.13424584,2.415214,False
1,N61H,-0.928,-0.30647138,2.4441023,False
1,N61I,-0.651,-0.27166104,2.423732,False
1,N61S,1.118,-0.18172616,2.402832,False
1,N61Y,0.757,-0.3362025,2.526748,False
1,N61K,-0.939,-0.25877678,2.4127111,False
1,V66E,-4.356,-0.44562638,2.423173,False
1,V66G,-3.542,-0.2186146,2.416318,False
1,V66L,-0.076,-0.63448703,2.4013855,False
1,V66M,-1.882,-0.06310742,2.407007,False
1,V66A,-1.506,-0.4605025,2.3784091,False
1,D71G,-0.977,0.06008607,2.397232,False
1,D71V,-1.408,0.09591745,2.4017866,False
1,D71E,0.616,0.12679386,2.3906415,False
1,D71A,-0.076,0.09159714,2.373138,False
1,D71H,2.858,0.13154456,2.4043841,False
1,D71N,-0.113,0.23040742,2.4138021,False
1,D71Y,-0.916,-0.06448542,2.4651554,False
1,Y76F,0.161,-0.008588232,2.5050955,False
1,Y76D,3.455,-0.13173409,2.4862986,False
1,Y76C,-0.055,-0.4471625,2.5498247,False
1,Y76N,-0.123,-0.20607191,2.5488784,False
1,Y76H,-0.164,-0.062216945,2.5175345,False
1,Y76S,0.54,-0.19509068,2.465279,False
1,T81P,0.004,0.030061394,2.3631868,False
1,T81K,-0.148,0.27106526,2.3715572,False
1,T81I,0.731,0.200654,2.3740373,False
1,T81A,0.076,0.053182032,2.3556006,False
1,T81R,3.969,0.12634248,2.378936,False
1,T81S,1.042,0.09529299,2.3543882,False
1,V86L,2.348,-0.82435274,2.3824537,False
1,V86I,1.589,-0.35195172,2.373984,False
1,V86A,-0.69,-0.56414455,2.3617296,False
1,V86G,1.854,-0.34608203,2.3963737,False
1,V86D,-1.89,-0.45075947,2.3608284,False
1,V86F,2.786,-0.41682583,2.3725502,False
1,M91T,-0.768,-0.021174088,2.3936632,False
1,M91V,-0.3,0.03601174,2.4238667,False
1,M91K,-1.15,-0.04754308,2.3943925,False
1,M91L,-0.223,-0.060586825,2.4039288,False
1,M91I,0.13,0.05100598,2.40376,False
1,M91R,-0.025,-0.095835276,2.4030268,False
1,V96L,1.713,-0.82532525,2.384853,False
1,V96A,0.882,-0.5512771,2.3638206,False
1,V96E,-0.236,-0.5097074,2.4164863,False
1,V96G,0.872,-0.31878978,2.3987188,False
1,V96I,0.089,-0.32345733,2.3764944,False
1,K101Q,-0.103,0.043737967,2.4183912,False
1,K101R,1.509,0.007897254,2.3764362,False
1,K101T,-1.407,-0.23290491,2.3703723,False
1,K101N,-0.213,-0.09195568,2.39705,False
1,K101I,-0.623,-0.13745436,2.378471,False
1,K101E,-0.238,-0.15201357,2.375802,False
1,S106T,-1.694,0.019151319,2.3771899,False
1,S106Y,0.78,0.04281202,2.469987,False
1,S106F,0.896,0.060665756,2.393277,False
1,S106C,-0.93,-0.23109874,2.4217691,False
1,S106A,0.769,0.037807576,2.369176,False
1,R111S,-0.734,-0.0033862777,2.3861525,False
1,R111P,1.716,-0.10074337,2.3949745,False
1,R111L,0.066,-0.088597745,2.412844,False
1,R111G,2.248,-0.08551371,2.4307656,False
1,R111C,-1.114,-0.21298508,2.4539323,False
1,R111H,-0.311,0.036659807,2.4262652,False
1,V116L,0.384,-0.5184002,2.409812,False
1,V116I,1.663,-0.2040928,2.4058342,False
1,V116G,-0.779,-0.20202377,2.4274263,False
1,V116F,1.274,-0.15994933,2.405504,False
1,V116D,-0.372,-0.34409678,2.3920546,False
1,V116A,0.683,-0.36467582,2.3855863,False
1,G121V,1.194,0.21462949,2.4007096,False
1,G121E,0.808,-0.06825509,2.4123046,False
1,G121A,-1.099,0.036071636,2.3592103,False
1,G121R,0.41,0.18909724,2.3828287,False
1,R126C,1.088,-0.15248762,2.4582117,False
1,R126S,0.557,0.0061722957,2.3992286,False
1,R126P,0.683,0.061263844,2.4017408,False
1,R126L,1.283,-0.08374778,2.4238517,False
1,R126H,0.46,0.0060003623,2.435584,False
1,R126G,-0.389,0.015615009,2.4361205,False
1,A131T,0.935,0.35500273,2.3533905,False
1,A131V,-0.406,0.24844348,2.3755898,False
1,A131D,-1.236,0.4237333,2.3603199,False
1,A131G,-2.682,0.25643498,2.3680825,False
1,A131P,0.837,0.30326682,2.3492444,False
1,A131S,0.695,0.43840766,2.3471584,False
1,A136P,2.557,0.19740206,2.3512735,False
1,A136G,-2.318,0.1586604,2.3717499,False
1,A136D,1.386,0.4071103,2.3641086,False
1,A136V,1.405,0.2547143,2.3791192,False
1,A136S,0.049,0.41998821,2.349289,False
1,A136T,-0.039,0.34230623,2.356423,False
1,T141A,1.015,0.25919423,2.3578033,False
1,T141S,0.686,0.27878714,2.3567755,False
1,T141P,-2.463,0.12415264,2.363396,False
1,T141N,1.365,0.39469308,2.4048657,False
1,T141I,1.034,0.30968815,2.376172,False
1,N146I,0.752,-0.221269,2.4219813,False
1,N146D,1.151,-0.000720419,2.4127834,False
1,N146H,-0.31,-0.1621092,2.4445412,False
1,N146K,-0.365,-0.12882173,2.4114015,False
1,N146S,1.136,-0.16438945,2.4011455,False
1,N146T,-2.59,-0.22597146,2.418245,False
1,N146Y,0.191,-0.29915804,2.5210774,False
1,P151Q,-2.308,-0.27947742,2.4420996,False
1,P151T,0.388,-0.21022893,2.3668725,False
1,P151L,-1.575,-0.23397262,2.378751,False
1,P151A,-1.642,-0.22952765,2.357509,False
1,P151R,-0.248,-0.32097986,2.3799782,False
1,P151S,-0.016,-0.095251046,2.3541687,False
1,D156G,-2.904,-0.11422604,2.409512,False
1,D156N,-0.934,0.040143773,2.4277577,False
1,D156H,0.736,0.03554929,2.413921,False
1,D156E,-1.565,0.00049193203,2.4013097,False
1,D156Y,-0.66,-0.30589822,2.4792907,False
1,D156V,1.283,-0.1412813,2.415526,False
1,S161N,0.69,0.2967048,2.3990803,False
1,S161R,-0.344,0.18873358,2.3725052,False
1,S161I,1.472,0.21637161,2.3734574,False
1,S161G,0.345,0.20481755,2.3830001,False
1,S161T,-1.969,0.082703754,2.3615775,False
1,S161C,-1.697,-0.032168176,2.4098632,False
2,T2A,0.786,-0.07487522,2.246029,False
2,T2N,1.111,0.097068414,2.2741246,False
2,T2P,-0.107,-0.00372307,2.2496188,False
2,T2S,0.217,-0.030377511,2.2456276,False
2,T2I,1.149,0.04097511,2.2566915,False
2,M7V,0.008,0.05693814,2.2702026,False
2,M7T,0.911,-0.031902842,2.254447,False
2,M7R,0.605,-0.25648075,2.2551384,False
2,M7I,1.335,0.016107745,2.2597742,False
2,M7K,0.715,-0.056615997,2.2555094,False
2,M7L,-1.999,-0.05566159,2.260963,False
2,I12T,0.459,-0.15060137,2.2473798,False
2,I12V,0.113,0.105696134,2.2651315,False
2,I12M,0.612,-0.11196331,2.2454624,False
2,I12N,0.098,-0.040387407,2.2647574,False
2,I12L,-1.647,-0.08800796,2.2666407,False
2,I12F,1.268,-0.176397,2.1676593,False
2,A17S,2.361,0.13031048,2.2318084,False
2,A17T,-1.716,0.15550838,2.237352,False
2,A17V,0.581,0.24556425,2.2502189,False
2,A17G,0.806,0.20011885,2.2470427,False
2,A17P,0.141,0.3902973,2.166791,False
2,A17E,-0.411,0.19482481,2.2403774,False
2,P22A,-1.523,-0.156638,2.2436485,False
2,P22H,-0.369,-0.2119332,2.250884,False
2,P22L,0.636,-0.1493036,2.2550051,False
2,P22R,-0.145,-0.19952117,2.2496605,False
2,P22S,0.136,-0.094715625,2.242242,False
2,P22T,-2.886,-0.057368603,2.2493162,False
2,Y27F,1.063,0.11507907,2.3191652,False
2,Y27S,0.109,-0.10351924,2.2993865,False
2,Y27N,-0.853,-0.026340514,2.3472452,False
2,Y27H,0.912,-0.013904881,2.3297715,False
2,Y27C,0.69,-0.19425866,2.335746,False
2,Y27D,-0.155,0.05590442,2.306762,False
2,Q32R,0.796,0.07091865,2.30715,False
2,Q32L,-2.982,-0.09112707,2.307211,False
2,Q32K,5.07,0.11352739,2.2988317,False
2,Q32H,-1.19,0.08316924,2.3155599,False
2,Q32E,-2.234,0.11706723,2.3069942,False
2,I37N,-0.076,-0.04980982,2.2834206,False
2,I37V,-0.228,0.05450383,2.2789073,False
2,I37T,0.909,-0.10330033,2.261851,False
2,I37L,-1.527,-0.064860955,2.2731187,False
2,I37M,4.769,0.045270737,2.259108,False
2,I37F,2.088,-0.0013328344,2.269409,False
2,G42C,-1.837,-0.30850053,2.226889,False
2,G42V,0.985,0.1580981,2.2650476,False
2,G42S,1.457,-0.10545555,2.2602918,False
2,G42R,0.978,-0.1866313,2.2567654,False
2,G42D,-0.655,-0.023488369,2.2678041,False
2,G42A,-2.501,-0.09900762,2.2608392,False
2,V47L,-3.143,-0.24301323,2.2588708,False
2,V47I,0.592,-0.06060786,2.2519717,False
2,V47G,-4.997,0.04344964,2.259717,False
2,V47F,-1.26,0.049764827,2.2351398,False
2,V47D,-0.863,-0.24102984,2.2329128,False
2,V47A,-0.695,-0.20590341,2.2455883,False
2,L52R,-0.457,-0.122054905,2.266718,False
2,L52V,-2.969,-0.018336538,2.2780087,False
2,L52Q,-0.276,-0.15519333,2.3038251,False
2,L52M,-0.809,-0.06498295,2.2568233,False
2,L52P,-2.311,-0.077140644,2.255397,False
2,W57R,-0.931,-0.083571024,2.2604737,False
2,W57S,6.211,-0.14498639,2.2489161,False
2,W57G,-0.337,-0.0031653047,2.2661674,False
2,W57C,0.124,-0.12709579,2.2753644,False
2,W57L,-0.346,-0.113323286,2.261368,False
2,S62R,-0.252,0.11408761,2.2494016,False
2,S62N,1.641,0.2023973,2.2655127,False
2,S62I,1.959,0.13726467,2.2498424,False
2,S62G,-0.022,0.16889632,2.2532089,False
2,S62C,-0.283,-0.069490485,2.2689707,False
2,S62T,0.78,0.07277259,2.2395167,False
2,A67E,-0.72,0.118600726,2.2533731,False
2,A67G,-5.21,0.15291668,2.2513628,False
2,A67P,-1.278,0.14603503,2.2392988,False
2,A67S,4.125,0.11211267,2.2369065,False
2,A67T,1.265,0.12545541,2.2419717,False
2,A67V,-0.37,0.21555087,2.2519786,False
2,I72M,-2.279,0.019816909,2.2559638,False
2,I72N,1.307,0.0063103884,2.2820346,False
2,I72S,0.785,-0.17262658,2.2544768,False
2,I72T,-2.11,-0.10719328,2.260189,False
2,I72V,0.657,0.059971243,2.27251,False
2,I72F,-0.15,-0.006856017,2.267674,False
2,I72L,0.157,-0.07380702,2.2712016,False
2,V77D,-0.015,-0.23956479,2.2302387,False
2,V77F,1.134,0.023400046,2.2697167,False
2,V77G,1.484,0.011365458,2.2525215,False
2,V77I,-0.341,-0.09906653,2.2646556,False
2,V77L,0.358,-0.15587656,2.2625663,False
2,V77A,-0.009,-0.20256765,2.2599134,False
2,V82I,0.404,-0.10636477,2.246974,False
2,V82L,-1.076,-0.23694925,2.2651367,False
2,V82F,-1.708,0.03605485,2.253668,False
2,V82D,-1.021,-0.55702907,2.226862,False
2,V82A,-1.88,-0.2328748,2.2528281,False
2,V82G,-3.945,-0.05796163,2.2484138,False
2,I87V,-0.669,0.11801861,2.2781103,False
2,I87S,0.298,-0.10516003,2.2556481,False
2,I87F,-0.023,0.011903632,2.268886,False
2,I87L,0.746,-0.0413668,2.273947,False
2,I87M,-0.416,0.08040072,2.2586997,False
2,I87N,-1.737,-0.00825128,2.2825863,False
2,I87T,-2.809,-0.042643912,2.2612517,False
2,A92D,0.812,0.21538584,2.2454085,False
2,A92G,0.529,0.19314584,2.251408,False
2,A92P,-0.29,0.19828857,2.2377641,False
2,A92S,2.356,0.12511605,2.2353806,False
2,A92T,0.03,0.14157212,2.241729,False
2,A92V,0.041,0.21563953,2.2516127,False
2,N97S,-1.113,-0.20982105,2.2636185,False
2,N97D,-0.166,-0.07600988,2.2707195,False
2,N97H,3.921,-0.21304256,2.2891688,False
2,N97I,-2.229,-0.21078138,2.2645836,False
2,N97K,-1.452,-0.15971798,2.2700539,False
2,N97T,0.038,-0.26857346,2.2724438,False
2,N97Y,-1.719,-0.21160318,2.3192391,False
2,S102G,0.882,0.14466675,2.2622168,False
2,S102I,0.79,0.06339136,2.2565467,False
2,S102N,-0.738,0.15899852,2.2731962,False
2,S102R,-0.348,0.059622835,2.2570455,False
2,S102C,-2.706,-0.07484192,2.2758064,False
2,L107Q,-0.237,-0.46746087,2.2932727,False
2,L107R,0.889,-0.084406085,2.2154193,False
2,L107V,-1.611,-0.1525653,2.279344,False
2,L107M,-0.947,-0.10337197,2.256731,False
2,L107P,0.733,-0.26726356,2.2352595,False
2,Q112E,1.829,0.24988939,2.2999175,False
2,Q112H,1.566,0.14733061,2.3079257,False
2,Q112K,1.546,0.1942145,2.291844,False
2,Q112L,1.585,-0.025205601,2.3021073,False
2,Q112R,1.28,0.13318202,2.2999802,False
2,K117N,-1.261,0.04001013,2.2646523,False
2,K117Q,0.235,-0.18222053,2.2813785,False
2,K117R,-0.027,0.18520324,2.2331047,False
2,K117E,0.585,-0.09178852,2.255185,False
2,K117I,-1.168,-0.065165326,2.2562675,False
2,Q122R,0.399,0.1517009,2.300128,False
2,Q122P,2.344,0.13142295,2.2847736,False
2,Q122L,0.842,-0.01302268,2.3005636,False
2,Q122K,1.176,0.2065584,2.292294,False
2,Q122H,2.445,0.13472179,2.3078136,False
2,Q122E,1.096,0.21497543,2.3000555,False
2,T127P,2.005,0.12594368,2.2416127,False
2,T127N,0.339,0.15395828,2.2733765,False
2,T127I,2.052,0.027276836,2.2274828,False
2,T127A,2.593,-0.027114093,2.240077,False
2,T127S,1.056,0.0018224902,2.2335167,False
2,T132S,0.872,-0.15190344,2.194704,False
2,T132P,-1.843,0.0932903,2.2493708,False
2,T132N,1.158,0.17588815,2.2744472,False
2,T132A,3.193,0.058929823,2.2487557,False
2,T132I,-0.699,0.088257335,2.2256045,False
2,A137T,1.035,0.15354165,2.2382848,False
2,A137G,0.775,0.04572513,2.250726,False
2,A137P,2.672,0.24712372,2.2318034,False
2,A137S,1.787,0.21236853,2.2197027,False
2,A137V,0.341,0.19285315,2.2573245,False
2,A137D,-1.548,0.19459605,2.2485452,False
2,D142A,2.537,-0.0447444,2.2469664,False
2,D142H,-0.066,0.13642366,2.2633648,False
2,D142G,-1.234,0.03234024,2.262096,False
2,D142Y,0.267,-0.17764017,2.2912228,False
2,D142E,-0.567,-0.026101118,2.2466106,False
2,D142V,0.559,0.029339254,2.2605944,False
2,D142N,-0.444,0.12911916,2.2717967,False
2,T147S,0.069,0.031636003,2.2449083,False
2,T147N,1.43,0.15369827,2.2745013,False
2,T147I,0.712,0.11093007,2.255238,False
2,T147A,0.706,-0.00039193034,2.2457523,False
2,S152T,-3.028,0.025429912,2.2407398,False
2,S152A,1.435,0.01400511,2.2379746,False
2,S152L,-1.062,-0.026436765,2.2515082,False
2,S152P,-0.344,-0.0138795525,2.2366781,False
2,D157E,-0.572,0.046370514,2.2599564,False
2,D157G,0.456,0.0043019243,2.264505,False
2,D157H,1.122,0.07569618,2.2680252,False
2,D157N,1.586,0.11174651,2.2742453,False
2,D157Y,1.293,-0.081397094,2.303137,False
2,D157V,2.289,0.04117552,2.267622,False
3,L3F,-1.086,0.09621556,2.2687676,False
3,L3H,1.336,-0.013714403,2.2858684,False
3,L3I,1.394,-0.013685868,2.2693348,False
3,L3P,1.063,-0.19998844,2.241334,False
3,L3R,-8.297,-0.21025415,2.2538922,False
3,L3V,-2.661,-0.21503991,2.27187,False
3,I8M,2.83,-0.011808019,2.2372475,False
3,I8N,-0.531,0.12105292,2.253238,False
3,I8V,-0.402,0.19474356,2.2490528,False
3,I8S,-3.135,-0.21864131,2.2293615,False
3,I8F,-0.337,0.121387064,2.24212,False
3,I8T,0.468,-0.25598618,2.2335353,False
3,V13L,-1.625,-0.021878408,2.2661457,False
3,V13I,0.198,0.16625835,2.2640235,False
3,V13F,-0.742,0.105810866,2.265402,False
3,V13D,-1.048,-0.09252486,2.2508767,False
3,V13A,-0.816,-0.121369004,2.2439735,False
3,A18G,-0.255,0.22325508,2.219986,False
3,A18P,1.289,0.21457526,2.205505,False
3,A18V,1.538,0.385944,2.2237558,False
3,A18E,0.93,0.12951662,2.2347765,False
3,A18S,0.855,0.35673237,2.2076669,False
3,A18T,0.066,0.19300884,2.2119741,False
3,A23G,-1.486,0.17100872,2.2249546,False
3,A23P,1.277,0.20147987,2.212746,False
3,A23D,1.559,0.29180467,2.2236507,False
3,A23S,0.826,0.3194156,2.211146,False
3,A23T,1.071,0.13653535,2.2159288,False
3,A23V,-0.592,0.2860644,2.2290683,False
3,T28S,0.516,0.16123773,2.2248967,False
3,T28R,0.006,0.24703509,2.2463932,False
3,T28P,-2.445,0.07895245,2.232136,False
3,T28K,-0.749,0.24226786,2.2410831,False
3,T28I,1.299,0.3863039,2.2400928,False
3,T28A,1.058,0.13341916,2.226431,False
3,V33L,-6.381,-0.19607478,2.2414048,False
3,V33I,-2.05,-0.027441766,2.2374113,False
3,V33G,-1.232,-0.22083125,2.250913,False
3,V33F,1.118,-0.08524496,2.2399292,False
3,V33D,-0.015,-0.3272517,2.2257195,False
3,V33A,-1.534,-0.2671899,2.225398,False
3,L38F,2.123,0.12690185,2.2695723,False
3,L38H,-0.449,0.071897045,2.285483,False
3,L38I,-0.845,0.056776144,2.2681847,False
3,L38P,0.669,-0.19199374,2.2426057,False
3,L38R,0.546,-0.11268665,2.2590032,False
3,L38V,1.055,-0.0956887,2.272531,False
3,Q43P,0.432,0.37076432,2.2896879,False
3,Q43R,-0.247,0.4109034,2.3065703,False
3,Q43L,0.12,0.010949545,2.3106806,False
3,Q43K,0.1,0.56715244,2.2952073,False
3,Q43H,0.312,0.4115045,2.3149543,False
3,Q43E,1.31,0.37065548,2.3048985,False
3,T48R,-1.383,0.23787366,2.2509184,False
3,T48S,1.093,0.17512533,2.2296853,False
3,T48P,0.522,0.07908559,2.2360446,False
3,T48K,1.03,0.24990177,2.2450676,False
3,T48I,0.324,0.34746218,2.2450025,False
3,T48A,0.083,0.16782896,2.2306197,False
3,N53T,-0.45,-0.2759009,2.2733886,False
3,N53S,-2.483,-0.12076,2.2601523,False
3,N53K,-1.701,-0.10706452,2.270107,False
3,N53I,-1.463,-0.10696852,2.2765841,False
3,N53D,0.809,0.00081156567,2.2692556,False
3,N53Y,-0.583,-0.14381666,2.360247,False
3,P58T,1.463,-0.14300066,2.2412176,False
3,P58R,0.953,0.01977446,2.2501235,False
3,P58L,1.082,-0.16579401,2.249984,False
3,P58H,0.312,-0.085139446,2.2639322,False
3,P58A,-0.389,-0.12820995,2.2326322,False
3,P58S,1.097,-0.105021656,2.2289772,False
3,S63C,0.256,-0.18446422,2.2657654,False
3,S63P,0.962,0.123281226,2.2220302,False
3,S63Y,0.702,0.18694845,2.301548,False
3,S63F,0.98,0.30337596,2.2442322,False
3,S63T,2.21,0.043666508,2.2253666,False
3,T68A,-0.455,0.28532052,2.2325182,False
3,T68I,0.16,0.44389462,2.2475858,False
3,T68N,-2.152,0.45958102,2.2695835,False
3,T68P,-0.394,0.23523892,2.235758,False
3,T68S,0.056,0.35823083,2.2303288,False
3,K73T,0.449,-0.39870068,2.2398825,False
3,K73E,-0.459,-0.20733216,2.24723,False
3,K73Q,0.945,-0.3274274,2.2861574,False
3,K73R,2.293,-0.02778989,2.2448251,False
3,K73N,-0.136,0.036808707,2.261839,False
3,K73I,-0.736,-0.02532723,2.2474213,False
3,Q78R,-0.338,0.52440333,2.3078535,False
3,Q78L,-1.121,0.099912085,2.312581,False
3,Q78K,0.448,0.76769656,2.2966952,False
3,Q78H,0.333,0.5252164,2.317974,False
3,Q78E,1.262,0.5831663,2.3068247,False
3,A83E,-0.001,0.2508372,2.2396035,False
3,A83G,1.124,0.26884782,2.2264273,False
3,A83V,1.411,0.3478859,2.231464,False
3,A83T,0.681,0.18092743,2.2170196,False
3,A83S,0.38,0.31022182,2.2123458,False
3,A83P,0.051,0.26487783,2.214608,False
3,T88S,0.078,0.035979994,2.2359831,False
3,T88N,0.879,0.24497467,2.2764168,False
3,T88I,1.1,0.23920661,2.252104,False
3,T88A,0.627,0.015842654,2.2370882,False
3,S93A,3.007,0.04752594,2.2171884,False
3,S93L,-0.259,-0.045025233,2.2455502,False
3,S93P,-0.84,0.08642559,2.2169464,False
3,S93T,2.131,-0.07978901,2.219291,False
3,N98Y,-1.774,-0.16971001,2.3574476,False
3,N98S,-0.045,-0.091772005,2.2580357,False
3,N98I,-0.469,-0.10344414,2.2743678,False
3,N98H,1.0,0.009314299,2.2947683,False
3,N98K,1.567,0.024248376,2.267696,False
3,N98D,0.59,-0.0023680925,2.2673063,False
3,K103I,-0.828,-0.1801683,2.2494946,False
3,K103E,0.854,-0.2655477,2.2490978,False
3,K103Q,1.869,-0.30811715,2.2864351,False
3,K103N,-0.704,-0.047809534,2.265417,False
3,K103R,0.772,-0.045747142,2.247677,False
3,W108C,-1.911,-0.093604065,2.286605,False
3,W108G,0.986,0.025871709,2.268182,False
3,W108L,-2.955,0.03590647,2.2619848,False
3,W108R,-1.932,0.22146362,2.2596216,False
3,W108S,-4.537,0.24413677,2.2423954,False
3,N113S,0.029,-0.085117534,2.2571492,False
3,N113K,-0.284,-0.075408205,2.2656784,False
3,N113I,-0.215,-0.09945733,2.2726889,False
3,N113H,-5.931,-0.03190444,2.2945015,False
3,N113D,0.946,0.04131851,2.265786,False
3,N113T,-1.346,-0.23781222,2.2719781,False
3,N113Y,-0.548,-0.14691402,2.3528929,False
3,W118G,1.06,-0.050061822,2.268392,False
3,W118C,2.824,-0.18393785,2.2868683,False
3,W118R,-1.566,0.08995114,2.2598429,False
3,W118S,0.713,0.10744558,2.2425904,False
3,W118L,1.477,-0.024980225,2.2622352,False
3,P123A,-3.185,-0.05210712,2.2365189,False
3,P123Q,-0.95,-0.17366941,2.3048432,False
3,P123R,-6.64,0.11675008,2.25312,False
3,P123S,0.474,-0.010551387,2.2329924,False
3,P123T,0.312,-0.050868127,2.2451475,False
3,P123L,-0.524,-0.14342946,2.2536688,False
3,T128N,1.478,0.4287085,2.2738116,False
3,T128P,1.494,0.18463546,2.239866,False
3,T128S,0.4,0.15165907,2.232041,False
3,T128A,0.358,0.19815817,2.2348406,False
3,T128I,-0.919,0.35302854,2.2474158,False
3,D133E,-0.671,0.013637921,2.2506375,False
3,D133N,0.893,0.22123545,2.2650573,False
3,D133V,0.437,0.08960639,2.2551868,False
3,D133Y,-0.594,-0.012978324,2.3045068,False
3,D133G,0.697,-0.010762323,2.2544413,False
3,D133A,-0.429,0.022509366,2.2414436,False
3,D133H,1.715,0.1520277,2.2625556,False
3,N138T,-1.962,-0.17326605,2.2732892,False
3,N138S,0.2,-0.06385359,2.2599854,False
3,N138Y,0.609,-0.061970085,2.3601334,False
3,N138K,0.918,0.013678066,2.270089,False
3,N138I,-2.68,-0.017301843,2.2768517,False
3,N138D,-0.173,0.08225894,2.2692707,False
3,D143A,0.592,0.019652132,2.2423146,False
3,D143E,-0.563,0.047540233,2.250074,False
3,D143G,0.345,0.00899237,2.255025,False
3,D143H,2.081,0.19287524,2.262882,False
3,D143N,0.189,0.2605235,2.2663853,False
3,D143V,0.175,0.07173064,2.2554617,False
3,D143Y,-1.933,-0.015359557,2.3048124,False
3,K148Q,1.52,-0.34325784,2.2743154,False
3,K148N,-1.925,0.028811228,2.2505717,False
3,K148E,0.59,-0.22883847,2.238325,False
3,K148M,-2.414,-0.22064932,2.2377038,False
3,K148T,1.987,-0.4806053,2.2322845,False
3,K148R,0.875,-0.030921366,2.2389712,False
3,T153N,0.465,0.35409272,2.268961,False
3,T153I,0.326,0.30515566,2.2466674,False
3,T153A,-0.63,0.10897486,2.231856,False
3,T153S,0.621,0.15270665,2.2309008,False
3,S158T,-1.468,0.0007050298,2.2232983,False
3,S158P,-0.065,0.11182813,2.2201695,False
3,S158A,0.44,0.17248078,2.2237802,False
3,S158L,-0.045,0.0060993135,2.2512755,False
4,I4F,-1.145,0.16928789,2.1860323,False
4,I4M,-2.834,0.046026006,2.2440393,False
4,I4N,3.554,-0.26669794,2.2561846,False
4,I4L,2.118,-0.10757189,2.2631059,False
4,I4T,-0.215,-0.16327721,2.244133,False
4,I4V,1.646,0.038746215,2.2622142,False
4,V9E,-2.597,-0.41763985,2.2763124,False
4,V9G,1.752,-0.22187503,2.285974,False
4,V9M,2.511,-0.117095895,2.272248,False
4,V9L,1.369,-0.2946356,2.2739832,False
4,V9A,0.454,-0.18819945,2.2588723,False
4,G14V,-1.768,0.060382664,2.2892866,False
4,G14S,0.044,-0.009201948,2.2586594,False
4,G14A,-0.436,-0.038105004,2.2588942,False
4,G14C,0.153,-0.15516903,2.2993698,False
4,G14D,0.558,-0.063572176,2.2661288,False
4,G14R,3.106,-0.12433285,2.275845,False
4,V19F,0.425,0.07778849,2.2725112,False
4,V19D,0.282,-0.18151507,2.252652,False
4,V19I,-0.393,0.069772445,2.2706273,False
4,V19L,0.677,-0.21631622,2.2749648,False
4,V19A,-0.204,-0.20520866,2.2592316,False
4,Y24H,0.054,0.04660935,2.3294296,False
4,Y24C,-0.782,-0.110302016,2.3355758,False
4,Y24D,1.55,-0.20351353,2.2980864,False
4,Y24S,-3.094,-0.12945306,2.2960143,False
4,Y24N,-2.464,0.0074877515,2.3453002,False
4,Y24F,1.191,0.14480582,2.316853,False
4,A29T,-1.613,0.1486657,2.2359488,False
4,A29S,-0.131,0.17004839,2.2322826,False
4,A29P,-0.271,0.033682235,2.2316577,False
4,A29V,-0.539,0.12844032,2.2475612,False
4,A29G,-0.596,0.018347232,2.2435014,False
4,A29D,1.15,0.26809502,2.2373767,False
4,S34Y,0.787,-0.09728064,2.291727,False
4,S34A,-0.02,0.21940309,2.2373192,False
4,S34C,0.715,-0.070032455,2.268274,False
4,S34F,0.613,0.20926751,2.2494152,False
4,S34P,-0.439,0.013469495,2.234953,False
4,S34T,2.614,0.09412163,2.2406154,False
4,L39F,1.167,0.071455576,2.2716901,False
4,L39W,-3.651,-0.26403514,2.2489305,False
4,L39S,-1.165,-0.08936727,2.25866,False
4,L39M,0.449,-0.0685318,2.252602,False
4,K44Q,1.699,-0.06019046,2.2835836,False
4,K44N,-1.89,-0.10363984,2.266666,False
4,K44I,-0.961,-0.17681386,2.25245,False
4,K44E,-1.121,-0.063342705,2.2541132,False
4,K44T,-1.1,-0.1648077,2.2499022,False
4,K44R,-0.098,0.067824826,2.2557802,False
4,E49V,-0.14,0.02482161,2.2575338,False
4,E49K,0.696,0.057383016,2.2442608,False
4,E49Q,-0.046,-0.15830758,2.278934,False
4,E49D,0.209,0.18550885,2.25755,False
4,E49A,0.794,0.08869677,2.248449,False
4,E49G,-0.593,0.047645837,2.2520819,False
4,H54D,-0.872,0.10128044,2.2774901,False
4,H54L,0.23,-0.0144538805,2.2877245,False
4,H54N,-0.351,0.154948,2.302178,False
4,H54Q,-1.786,-0.03433349,2.3204112,False
4,H54R,0.45,0.06121304,2.283321,False
4,H54Y,-0.216,-0.019958023,2.3439498,False
4,H54P,-1.092,-0.02894417,2.2707343,False
4,G59V,2.305,0.16100445,2.2915606,False
4,G59A,-3.573,0.05150853,2.260474,False
4,G59C,-0.5,-0.09834887,2.3010058,False
4,G59S,-0.233,0.09196928,2.2602222,False
4,G59R,-2.89,0.078579366,2.277872,False
4,G59D,0.434,0.15438947,2.2675571,False
4,A64D,0.715,0.24606973,2.2350612,False
4,A64G,2.511,-0.023557425,2.2464697,False
4,A64P,2.889,0.020426467,2.232721,False
4,A64S,0.784,0.16449843,2.2344317,False
4,A64T,0.07,0.12873453,2.2374325,False
4,A64V,0.916,0.08523424,2.2483988,False
4,S69C,-1.108,-0.011663813,2.2701294,False
4,S69F,0.093,0.27044046,2.248879,False
4,S69P,0.333,0.16464871,2.2364478,False
4,S69T,1.448,0.17947066,2.2341504,False
4,S69Y,1.791,0.005921861,2.294495,False
4,S69A,-1.163,0.28838903,2.2380583,False
4,G74A,-0.074,-0.05615589,2.2601104,False
4,G74C,0.656,-0.30931473,2.2669108,False
4,G74D,-1.929,0.01163616,2.268502,False
4,G74R,-1.657,-0.018510751,2.2645082,False
4,G74S,-0.055,0.016617153,2.2603617,False
4,G74V,-0.312,0.14115034,2.2654524,False
4,S79C,-0.887,-0.06649602,2.269337,False
4,S79G,1.22,0.09293864,2.253473,False
4,S79I,1.035,0.19508155,2.248364,False
4,S79N,1.366,0.27235666,2.2639756,False
4,S79R,-1.393,0.13730085,2.2488513,False
4,S79T,-0.637,0.0904209,2.240545,False
4,N84Y,-0.899,-0.23890066,2.336629,False
4,N84D,0.65,-0.0077636316,2.2718513,False
4,N84T,0.319,-0.21190014,2.274847,False
4,N84S,1.532,-0.14730456,2.2645807,False
4,N84K,-1.439,-0.06045127,2.270639,False
4,N84I,0.49,-0.29567826,2.276497,False
4,N84H,-2.114,-0.14448509,2.290292,False
4,A89V,-0.327,0.11557422,2.2489378,False
4,A89P,2.411,-0.05664308,2.2316966,False
4,A89G,-0.358,-0.05536924,2.244864,False
4,A89D,-0.16,0.11002055,2.2366383,False
4,A89S,2.297,0.15516609,2.2328677,False
4,A89T,0.366,0.1003287,2.2369483,False
4,S94G,-0.03,0.10488991,2.250156,False
4,S94C,-2.358,-0.07689285,2.2691772,False
4,S94T,-0.211,0.16210118,2.237,False
4,S94R,0.966,0.15583694,2.245487,False
4,S94I,-0.669,0.24167824,2.244501,False
4,S94N,0.739,0.3463079,2.2590683,False
4,E99A,-6.7,0.10926676,2.2516847,False
4,E99D,-4.523,0.20753503,2.258771,False
4,E99G,-0.763,-0.0058981106,2.2699823,False
4,E99K,-1.322,0.11794799,2.2582693,False
4,E99Q,-2.876,-0.08263747,2.299797,False
4,E99V,-0.566,-0.015405677,2.2727888,False
4,K104E,-1.549,0.020974237,2.2536118,False
4,K104N,0.889,0.027975626,2.264772,False
4,K104Q,-1.921,-0.00029715523,2.2816424,False
4,K104R,-0.067,0.14744043,2.2552695,False
4,K104T,-3.565,-0.032838278,2.249372,False
4,K104I,0.767,-0.017379243,2.255487,False
4,A109D,0.727,0.19507675,2.2514107,False
4,A109G,2.654,0.12935542,2.2585692,False
4,A109P,1.021,0.13084182,2.2450686,False
4,A109S,1.334,0.16423565,2.243281,False
4,A109T,1.2,0.13123803,2.2485175,False
4,A109V,0.22,0.14674258,2.261613,False
4,G114V,0.91,0.22205932,2.2196963,False
4,G114S,-1.442,0.068121955,2.244183,False
4,G114R,0.567,0.2588107,2.2307115,False
4,G114C,-1.713,-0.36212713,2.2282596,False
4,G114A,0.414,-0.11433622,2.2396493,False
4,G114D,-1.746,0.11099701,2.258666,False
4,F119V,1.084,-0.026463378,2.2896557,False
4,F119I,-0.146,-0.039151005,2.2787864,False
4,F119Y,1.344,-0.12925121,2.331215,False
4,F119C,-2.983,-0.115876496,2.3040178,False
4,F119L,-2.566,-0.05449141,2.2810602,False
4,F119S,-1.158,-0.07694106,2.264636,False
4,V124A,-0.759,-0.24503571,2.2473783,False
4,V124F,0.986,-0.11595236,2.2521663,False
4,V124G,4.203,-0.3218385,2.2678428,False
4,V124I,-0.511,-0.09155715,2.2569373,False
4,V124L,-4.134,-0.32417846,2.2600446,False
4,V124D,-0.143,-0.15603274,2.2508612,False
4,A129V,0.216,0.1429199,2.2445035,False
4,A129T,1.154,0.22814682,2.2297347,False
4,A129S,3.249,0.24871396,2.2141275,False
4,A129P,1.227,0.20035669,2.2316206,False
4,A129G,0.51,0.11140908,2.2494106,False
4,A129D,-0.593,0.36267626,2.2456908,False
4,V134I,0.135,-0.067476675,2.2563553,False
4,V134D,0.223,-0.0028184056,2.2506392,False
4,V134F,-3.983,-0.0014157966,2.2584639,False
4,V134G,-1.549,-0.1895636,2.2696993,False
4,V134L,1.119,-0.30758426,2.2596319,False
4,V134A,-0.353,-0.18186802,2.2466462,False
4,G139V,-1.432,0.175794,2.2951615,False
4,G139S,0.306,0.06433747,2.2637458,False
4,G139R,1.611,0.007643655,2.2798474,False
4,G139D,0.985,0.18391415,2.2719123,False
4,G139C,-2.187,-0.041231334,2.3033643,False
4,G139A,3.052,0.058995165,2.2641525,False
4,K144R,1.022,0.121611714,2.2507308,False
4,K144Q,2.201,-0.014433846,2.2883806,False
4,K144N,-0.768,0.12009117,2.2683153,False
4,K144I,1.369,0.040212575,2.2573,False
4,K144E,-1.195,0.08346693,2.2560918,False
4,H149N,0.116,0.0007080259,2.3078032,False
4,H149L,-2.012,-0.027765838,2.2904098,False
4,H149D,0.092,0.009797096,2.2810707,False
4,H149Y,-1.993,-0.014866911,2.3483691,False
4,H149R,-1.293,-0.014626984,2.2874062,False
4,H149Q,-1.552,-0.093843155,2.3247612,False
4,H149P,-1.704,-0.103104964,2.2734842,False
4,C154Y,-0.929,-0.16142465,2.3597863,False
4,C154G,0.7,-0.151296,2.3014293,False
4,C154R,-0.155,-0.09931709,2.2961302,False
4,C154S,-0.871,-0.104973435,2.2811942,False
4,C154W,-2.719,-0.16577911,2.2788,False
4,C154F,1.201,-0.024455428,2.292932,False
4,S159P,0.157,0.067268305,2.227335,False
4,S159F,0.772,0.23779368,2.250051,False
4,S159C,0.806,-0.06557595,2.2694314,False
4,S159A,-0.804,0.1809123,2.229052,False
4,S159Y,1.638,0.019263662,2.291661,False
4,S159T,-0.499,-0.07253237,2.2094338,False
0,E5V,-1.269,-0.8132714,2.4080348,False
0,E5Q,0.315,-0.5079392,2.4448514,False
0,E5K,-1.164,-0.6360116,2.384078,False
0,E5D,0.486,-0.31616044,2.3847663,False
0,E5G,0.104,-0.8561436,2.402102,False
0,E5A,2.542,-0.8484367,2.3750563,False
0,I10T,0.955,-0.13127136,2.37371,False
0,I10F,-0.552,0.037689403,2.3840492,False
0,I10L,0.795,-0.11437212,2.3914187,False
0,I10M,-1.431,-0.015170671,2.370265,False
0,I10N,0.052,-0.26563984,2.40215,False
0,I10V,-0.752,0.22398627,2.3962162,False
0,I15T,0.426,-0.10853254,2.3688653,False
0,I15F,0.639,0.013357326,2.3325396,False
0,I15N,0.938,-0.19251095,2.3911724,False
0,I15S,-5.097,-0.22529292,2.3540347,False
0,I15V,1.944,0.18945895,2.388825,False
0,A20G,-1.847,0.18273719,2.3504968,False
0,A20D,0.519,0.35196322,2.306556,False
0,A20P,1.777,0.11145489,2.3121269,False
0,A20S,0.223,0.33717197,2.3316622,False
0,A20T,0.464,0.14395247,2.3330681,False
0,A20V,1.864,0.1413009,2.3549037,False
0,Q25R,0.846,0.25209832,2.4370618,False
0,Q25H,-0.19,0.3541311,2.4474325,False
0,Q25P,0.378,0.059727594,2.4164417,False
0,Q25L,-1.696,0.03891529,2.4405222,False
0,Q25K,2.319,0.4387051,2.4239388,False
0,Q25E,3.794,0.29333222,2.4348478,False
0,R30P,0.141,-0.12716287,2.382916,False
0,R30S,-1.194,-0.04123737,2.3793957,False
0,R30L,1.18,-0.19443306,2.4042423,False
0,R30H,0.241,0.052396595,2.4138005,False
0,R30C,0.192,-0.1495484,2.4343586,False
0,E35A,-0.232,-0.33367908,2.3711517,False
0,E35V,1.195,-0.43401876,2.3938098,False
0,E35Q,-1.022,-0.3888811,2.4245083,False
0,E35K,0.349,-0.12852128,2.3716726,False
0,E35G,0.341,-0.44088554,2.3865504,False
0,E35D,0.819,-0.10443893,2.3825698,False
0,A40S,1.133,0.266065,2.3399396,False
0,A40P,-2.006,0.12910543,2.3407578,False
0,A40V,-1.33,0.22694968,2.3638434,False
0,A40G,-0.621,0.19660264,2.356971,False
0,A40T,0.363,0.20742796,2.345502,False
0,A40D,1.447,0.22908948,2.3441963,False
0,S45T,-0.957,0.10218537,2.350703,False
0,S45P,0.375,0.04288836,2.3458238,False
0,S45L,0.59,0.01212652,2.3727484,False
0,Y50C,-2.64,-0.007675782,2.481781,False
0,Y50H,0.704,0.07034993,2.477767,False
0,Y50N,-1.064,0.15050714,2.5006614,False
0,Y50S,0.323,0.056450203,2.4344528,False
0,G55S,-0.15,-0.12019713,2.3716738,False
0,G55A,2.844,-0.14632247,2.3709426,False
0,G55C,-1.802,-0.59557617,2.367303,False
0,G55D,0.557,-0.14257468,2.387353,False
0,G55V,0.838,0.027585119,2.364461,False
0,G55R,2.367,0.01985608,2.3649533,False
0,D60V,-1.215,-0.05513375,2.4003477,False
0,D60E,0.295,-0.050926328,2.3882358,False
0,D60H,1.202,0.015513256,2.3987348,False
0,D60N,0.115,0.19170427,2.4111233,False
0,D60Y,-2.099,-0.15016867,2.4546628,False
0,D60G,-0.831,-0.061105356,2.3955584,False
0,D60A,0.168,-0.0034871884,2.375637,False
0,G65A,-3.942,-0.13902953,2.3634114,False
0,G65V,1.691,0.09583561,2.3726878,False
0,G65S,0.503,-0.14202516,2.3672638,False
0,G65R,-2.794,-0.05513049,2.3744886,False
0,G65D,0.419,-0.12501755,2.386643,False
0,G65C,0.646,-0.5053359,2.3824618,False
0,A70D,0.011,0.46992952,2.3545833,False
0,A70G,3.239,0.32601318,2.3586118,False
0,A70P,-0.409,0.30093536,2.3425148,False
0,A70S,-1.261,0.6546488,2.3367362,False
0,A70T,0.884,0.44180083,2.3435524,False
0,A70V,0.668,0.4038253,2.3605227,False
0,K75E,-0.992,-0.13578872,2.3721387,False
0,K75I,0.798,-0.20854208,2.3690925,False
0,K75T,-4.046,-0.11700089,2.365127,False
0,K75R,0.667,0.05282013,2.370079,False
0,K75Q,-2.218,0.057094537,2.415618,False
0,K75N,0.648,0.0035855994,2.3914351,False
0,V80L,0.372,-0.5047811,2.355585,False
0,V80I,-0.182,-0.087583475,2.3412075,False
0,V80G,1.754,-0.50582755,2.3579216,False
0,V80F,1.104,-0.3290543,2.340448,False
0,V80D,-1.792,-0.48931044,2.3029509,False
0,V80A,-0.231,-0.49520904,2.34805,False
0,G85S,-0.547,-0.1726948,2.373057,False
0,G85R,2.757,-0.10818322,2.3834782,False
0,G85D,-0.323,-0.15546252,2.3872335,False
0,G85V,0.622,-0.031653896,2.3946733,False
0,G85C,-0.312,-0.42330623,2.4050002,False
0,G85A,2.783,-0.19620472,2.3708236,False
0,Q90E,1.656,0.4129396,2.452352,False
0,Q90H,0.616,0.325244,2.4657993,False
0,Q90K,1.479,0.5128083,2.439399,False
0,Q90R,0.683,0.27516395,2.4528546,False
0,Q90P,1.995,0.0962899,2.429584,False
0,Q90L,-1.952,0.16148447,2.4554005,False
0,N95I,-1.503,-0.3167438,2.412943,False
0,N95Y,-0.907,-0.26348627,2.5043592,False
0,N95S,-0.01,-0.13416822,2.391809,False
0,N95K,0.662,-0.15200786,2.406898,False
0,N95D,0.469,-0.017678238,2.407374,False
0,I100N,0.024,-0.20404409,2.407286,False
0,I100F,0.156,-0.07583425,2.3865464,False
0,I100V,-0.074,-0.025430087,2.4000082,False
0,I100T,0.013,-0.19205585,2.3772824,False
0,I100S,1.233,-0.17564793,2.3689625,False
0,I100M,2.908,-0.040550552,2.3751495,False
0,L105P,-0.061,-0.32003838,2.3561978,False
0,L105R,1.388,-0.35509965,2.3478465,False
0,L105V,-3.312,-0.163292,2.4125636,False
0,L105I,-3.167,0.04062531,2.4025922,False
0,L105H,-0.611,-0.1153959,2.4126124,False
0,L105F,0.823,0.08193068,2.4004028,False
0,K110Q,-1.995,0.09512948,2.4136744,False
0,K110M,-0.948,-0.029202148,2.3693287,False
0,K110N,0.866,-0.08352519,2.391305,False
0,K110R,-0.045,0.15770046,2.3761778,False
0,K110T,-1.43,-0.06614789,2.3687277,False
0,K110E,0.419,-0.10842299,2.3741114,False
0,S115P,-2.556,0.0146877915,2.3478067,False
0,S115A,0.048,0.23825279,2.3414137,False
0,S115L,0.137,-0.044528767,2.3709855,False
0,S115T,0.175,0.11829419,2.3491528,False
0,S115W,1.628,-0.24989758,2.355641,False
0,C120G,0.276,-0.16387032,2.4475603,False
0,C120F,1.498,-0.0981413,2.4351091,False
0,C120S,-0.918,-0.17033532,2.4138193,False
0,C120W,0.92,-0.4653284,2.4098415,False
0,C120Y,0.3,-0.23840453,2.52874,False
0,C120R,-0.012,-0.2712509,2.4353852,False
0,T125S,-2.361,0.40050778,2.3479457,False
0,T125R,2.388,0.21203297,2.3751428,False
0,T125M,0.789,0.100107074,2.368064,False
0,T125K,-0.078,0.459458,2.3680568,False
0,T125A,-3.572,0.36315238,2.3514824,False
0,T130A,-0.68,0.5032305,2.3517468,False
0,T130N,-0.438,0.62690705,2.3922608,False
0,T130S,-1.569,0.5689972,2.301343,False
0,T130I,0.01,0.382092,2.3330705,False
0,A135P,-1.592,0.4605099,2.3382955,False
0,A135T,-0.518,0.42017478,2.3498259,False
0,A135V,0.257,0.5110227,2.3698218,False
0,A135S,-0.048,0.47608495,2.3380468,False
0,A135G,0.731,0.15860192,2.3456447,False
0,A135D,0.576,0.5551185,2.3588934,False
0,K140M,-1.604,0.014758935,2.3727791,False
0,K140N,0.516,0.21012647,2.4058008,False
0,K140E,1.137,0.05480714,2.3841453,False
0,K140R,0.318,0.109650895,2.3849263,False
0,K140T,-0.265,0.13075858,2.3741648,False
0,I145S,-1.534,-0.2313855,2.3796792,False
0,I145T,0.566,-0.16758947,2.3903952,False
0,I145V,0.878,0.03235296,2.4162292,False
0,I145N,-0.936,-0.11160728,2.425734,False
0,I145M,1.451,-0.057002492,2.3833594,False
0,I145L,-0.211,-0.14789699,2.4011555,False
0,I145F,-2.091,-0.11430234,2.3975344,False
0,L150R,-0.547,-0.26841065,2.3973675,False
0,L150V,1.122,-0.2127719,2.4191704,False
0,L150M,1.081,-0.22368458,2.3771467,False
0,L150P,-0.619,-0.40451658,2.3786116,False
0,L150Q,-1.554,-0.29681528,2.4527407,False
0,R155S,0.483,-0.005600661,2.3830357,False
0,R155G,-0.937,-0.116330646,2.4155717,False
0,R155H,0.075,0.033463255,2.4164839,False
0,R155L,0.406,-0.18449013,2.4062872,False
0,R155C,-0.484,-0.23263511,2.4374824,False
0,R155P,2.681,-0.122963525,2.3861992,False
0,A160S,0.81,0.40282023,2.337889,False
0,A160T,1.058,0.30677164,2.3400202,False
0,A160G,0.028,0.19249064,2.3549275,False
0,A160D,0.448,0.40093064,2.351408,False
0,A160V,0.283,0.3222543,2.3617415,False
0,A160P,1.347,0.36323693,2.340636,False
