fold,mutant,y,y_pred,y_var
4,A14C,1.2016506,1.1290187,0.15279408
4,A14I,0.28254417,0.34000155,0.08765621
4,A52C,1.1780218,0.898259,0.111742206
4,A52L,0.18471277,0.34132823,0.08163387
4,A52S,0.8215975,0.6539922,0.14589788
4,A62H,0.6505232,-0.0027793646,0.056213923
4,A62K,-0.82232535,-0.060537577,0.13562818
4,A62P,-1.8555573,-0.7701191,0.107359596
4,A62V,-0.24577624,-0.6351334,0.05936367
4,A71D,-0.4191941,-0.3185553,0.078289695
4,A71F,-0.02406896,0.39054805,0.07920677
4,A71S,0.7804577,0.55639815,0.13473745
4,A71V,1.0640458,0.7507614,0.050914712
4,A71Y,-0.00043490657,0.44092327,0.08973462
4,D21A,-0.68741065,-0.50610864,0.072811075
4,D21C,6.525625e-05,-0.15522635,0.10290498
4,D21F,-0.6275514,-0.60190636,0.070848174
4,D21N,0.34835315,0.021304727,0.10365588
4,D21V,-0.8752421,-0.53298885,0.0667829
4,D21W,-0.40190867,-0.9918998,0.18540712
4,D26R,-0.39813495,-0.4109019,0.13338883
4,D28Q,-0.4804318,-0.4669627,0.09449024
4,D47H,1.2382056,1.3738682,0.1617048
4,D47W,1.1632398,1.0894328,0.30698764
4,D51W,-1.5300857,-1.2611723,0.2555338
4,D67F,-1.2198366,-1.53423,0.08043749
4,D67K,-2.051343,-1.8772769,0.055900283
4,D67Q,-1.523536,-1.3472712,0.055214114
4,D67Y,-1.1369566,-1.3432226,0.11346323
4,E34A,0.9868274,0.8225089,0.110063024
4,E34C,1.333471,1.6686443,0.18768795
4,E34D,0.25810528,0.9104935,0.13245697
4,E34K,0.8575842,0.45067853,0.11868233
4,E34N,0.7393129,0.87029576,0.11147315
4,E34Q,0.9252896,1.1134986,0.0833456
4,E34S,0.8985199,1.0553095,0.101983614
4,E40F,1.2297529,0.7952544,0.32464898
4,E40G,0.72216886,0.7130804,0.22503282
4,E40W,1.079311,0.54931605,0.43673998
4,E63H,0.63163143,0.8348441,0.058546253
4,E63R,0.008200169,-0.02309823,0.09856767
4,E63S,0.46514496,0.7139637,0.06456561
4,E63Y,0.7397803,0.9201614,0.0826003
4,F4D,1.3368531,1.2156537,0.09015948
4,F4N,0.8920076,0.8657775,0.054830857
4,F4Q,1.1398832,1.0059863,0.0554815
4,F4R,0.5662137,0.6867926,0.11596436
4,F4S,0.67466867,0.91680694,0.050304957
4,F4V,0.78037125,0.765864,0.048857875
4,F66L,-0.38618267,-0.34393546,0.08153886
4,F66N,-1.3291568,-0.70097935,0.069174476
4,G13F,-0.37311578,-0.88993675,0.15025659
4,G13Y,-0.36223254,-1.0247743,0.11823589
4,G19H,-0.535372,-0.36742318,0.08199114
4,G19K,-0.2898838,-0.299822,0.1138472
4,G19V,-0.086964175,-0.08519766,0.083044834
4,G29I,-0.41405782,-0.49088594,0.08256883
4,G33Q,0.29620495,0.22515246,0.09478957
4,G33Y,-0.4437037,-0.39109838,0.2685269
4,G35L,-1.69737,-1.4341822,0.28381854
4,G35Y,-1.3528354,-1.5005424,0.57780194
4,G39A,0.49611428,0.9487815,0.13922222
4,G39D,-0.20702572,-0.03641066,0.13779326
4,G39S,1.1254698,1.2272936,0.24077804
4,G44D,-1.8176394,-1.9503696,0.099778004
4,G44I,-1.2277914,-1.0955861,0.075568624
4,G44L,-1.0143987,-1.3782263,0.18339618
4,G44Q,-1.4562048,-1.4763398,0.11382062
4,G44W,-0.7724104,-1.0436563,0.17752333
4,G53V,-1.7222265,-1.3406816,0.071889825
4,G54K,0.16980302,0.032245487,0.09971804
4,G54S,0.48155168,0.857262,0.14426585
4,G54Y,0.583085,0.5343923,0.08446128
4,G61C,-0.43706658,-0.82033145,0.09215791
4,G61D,-2.091473,-1.4744079,0.0995459
4,G61E,-2.0953853,-1.4644853,0.08900816
4,G61T,-1.7487376,-1.2185316,0.077472396
4,G61V,-1.4339722,-1.2255938,0.06744797
4,G61W,-0.9500238,-0.6574307,0.17557497
4,G64N,0.79671407,0.43210083,0.10150177
4,G64W,0.22261247,0.24210373,0.17964543
4,G64Y,-0.013091377,0.1298823,0.11000354
4,G6P,0.47167373,0.73500025,0.19152416
4,G6V,1.4072338,1.5834205,0.05821628
4,G6W,1.5070248,1.5747962,0.109627314
4,H42K,0.93080884,0.9333212,0.14830525
4,H42M,0.78760064,0.6836505,0.06333906
4,I46L,0.72005457,-0.26793426,0.17415448
4,I46M,-0.07029123,-0.18665507,0.13309665
4,I46Q,-2.0089142,-1.2891719,0.13475843
4,I46V,0.70463544,0.43721122,0.1972207
4,K23E,0.7437851,0.7727876,0.17361398
4,K23F,-0.20763138,0.1919975,0.16890676
4,K23L,-0.032930553,0.7722851,0.16202761
4,K23M,0.8087732,0.80237156,0.097725816
4,K23T,0.46986216,0.8327788,0.11057145
4,K23V,0.7861039,0.7843584,0.107079096
4,K23Y,-0.19910811,0.1918315,0.1774127
4,K65E,-0.77862847,-0.89410293,0.09742398
4,K65L,-0.6334977,1.0871035,0.12345309
4,K65Q,0.17250048,0.4423976,0.0781687
4,K65S,0.6878056,-0.23674089,0.06804032
4,K69V,0.8581369,0.8472374,0.074834056
4,K8I,0.9165987,0.7490163,0.0828994
4,K8N,0.61797947,0.65625143,0.05832369
4,K8T,0.50873667,0.4948285,0.05383677
4,L20C,1.4487273,1.6943958,0.15496077
4,L20H,0.93515456,0.94323117,0.13191946
4,L20I,0.9470813,1.2027706,0.10568876
4,L20S,0.7718167,0.9924772,0.10561032
4,L2G,1.5563496,1.2069931,0.07849748
4,L2Q,1.4803376,1.3619167,0.048577018
4,L2R,1.0786744,1.0883815,0.06675739
4,L2Y,0.78814363,0.96740925,0.05609674
4,L41A,0.18314216,0.035297543,0.09697945
4,L41E,-0.21678902,-0.91984105,0.14114316
4,L41I,0.80062574,1.2813711,0.25163782
4,L41V,0.4784688,0.675261,0.143586
4,L68C,-1.3913136,-1.3558552,0.09368307
4,L70A,0.12540174,0.3124843,0.07959289
4,L70H,0.07465877,-0.5102957,0.07694704
4,L70M,0.59872025,0.64655054,0.08410818
4,L70R,0.012096205,-0.26309127,0.11976106
4,L7A,0.5393767,0.4552642,0.06622071
4,L7E,0.21500829,0.5550386,0.06117589
4,L7M,1.0010686,0.7829295,0.050972886
4,L7Q,0.45349297,0.49017292,0.0608278
4,L7R,0.3046677,0.42052594,0.06934161
4,L7W,0.71611345,0.74731964,0.072293706
4,L7Y,0.3720882,0.5570219,0.056519456
4,M10A,-0.48500264,-0.01575613,0.10687489
4,M10E,-0.94861203,-1.3168862,0.06755275
4,M10I,0.64348984,0.47975898,0.070630856
4,M10P,-0.9266539,-0.6368418,0.19573505
4,M10Q,-0.98759794,-0.9489915,0.039249845
4,M60H,-0.56828314,-1.4191525,0.081926055
4,M60L,-0.091768354,-0.42215675,0.08758945
4,M60Y,0.6182305,0.074211,0.10421104
4,N1E,1.2366159,1.1582054,0.053650327
4,N1G,0.7624744,0.700806,0.065664716
4,N1S,0.7596773,1.0295931,0.04667384
4,N43D,0.7532493,1.1567154,0.17152496
4,N43H,0.79843235,0.75127196,0.09190685
4,N43K,0.57631004,0.4462189,0.11013145
4,N43M,0.78497165,0.18155283,0.09327073
4,N43S,0.5215677,0.80768573,0.078996725
4,N43T,-0.21161462,-0.11410114,0.10713167
4,N43V,-0.0663586,-0.12969443,0.098651715
4,N56F,1.5023409,0.15717351,0.14335676
4,N56G,1.5818285,0.79586256,0.17576934
4,N56K,0.1857061,0.11972047,0.12920542
4,N56T,-0.6991887,-0.006694019,0.08299584
4,N56W,1.2675483,0.2792036,0.22880562
4,N56Y,1.6033652,0.974325,0.15270151
4,P12L,1.0151169,0.9961789,0.11472196
4,P12T,0.59022564,0.5115667,0.37675595
4,P31C,1.0548218,1.1476996,0.11247749
4,P31E,0.38727635,0.27543938,0.12391073
4,P31K,-0.099770844,-0.05772315,0.1208306
4,P31L,0.12053889,0.34958863,0.10909123
4,P31N,0.32939005,0.4186787,0.08719749
4,P31W,0.019593261,-0.096879184,0.26180667
4,P31Y,0.178803,0.19281107,0.16307701
4,P72H,1.01289,1.1895812,0.17162783
4,P72W,0.97463053,0.902205,0.14034076
4,Q27A,0.27125773,0.4188159,0.12121374
4,Q27G,0.072574854,-0.28658167,0.19011982
4,Q27I,-0.29419312,-0.3072823,0.09714026
4,Q27M,-0.2543946,0.14295855,0.06418521
4,Q27W,-0.30066967,-0.4307114,0.16302516
4,Q32D,0.66066957,1.1813786,0.078719564
4,Q32E,0.66223425,1.2758639,0.1040178
4,Q32I,0.34309813,0.44070712,0.09261007
4,Q32L,0.5911753,0.8578054,0.09376604
4,Q32R,0.81977785,0.6875601,0.083974905
4,Q32S,1.0691682,1.0480169,0.08073718
4,Q32Y,0.80367434,1.0074155,0.09152157
4,Q5A,0.9492526,0.8548665,0.056424804
4,Q5M,0.57681143,0.9874176,0.044756003
4,R15S,-1.819996,-1.7169799,0.1207313
4,R15T,-1.6165957,-0.8417341,0.1784565
4,R15W,-1.2634403,-1.2630388,0.27576458
4,R18F,0.09221768,-0.07135323,0.19130982
4,R18S,-0.9820591,-0.52283007,0.10171897
4,R18T,-0.5857117,-0.36393535,0.12539561
4,R18W,-0.09368551,0.13944042,0.29873198
4,R25E,1.1596712,0.85218805,0.105663724
4,R25F,1.064718,0.9791389,0.07125861
4,R25K,1.0517824,0.8887787,0.08995242
4,R25S,1.0747817,1.2716964,0.07575125
4,R25W,1.0363421,1.2007377,0.1797957
4,S30T,1.1877397,0.7987575,0.09077091
4,S30Y,0.8187175,0.8097192,0.14152367
4,S55K,0.7611599,0.8128561,0.08523042
4,S55P,-1.3513978,-0.35876086,0.14695449
4,S55Q,0.813663,0.8094274,0.06686909
4,S57E,0.06731342,-0.46814322,0.081933446
4,S57F,0.4338139,0.62746656,0.07126743
4,S57P,-0.5043989,-0.5098963,0.13436182
4,S57R,1.2977252,1.0514148,0.15569068
4,T17G,-0.083645314,-0.60599434,0.30520695
4,T17L,0.9229508,0.47869235,0.15893765
4,T17R,0.967392,1.1836632,0.1680478
4,T36L,-0.17816427,-0.4402836,0.133622
4,T38A,0.30632755,0.12993741,0.08795161
4,T38E,-0.24187534,0.09399717,0.10685653
4,T38K,0.20132712,0.17215973,0.110834904
4,T38L,0.31625983,0.30101702,0.15192981
4,T38N,0.15818937,0.40614167,0.08336956
4,T38Y,-0.15998714,-0.2708748,0.11098785
4,T49E,0.8013931,0.81073076,0.13630147
4,T49F,0.15475315,0.5297456,0.10907001
4,T49H,0.6731415,0.52964425,0.09104056
4,T49K,0.8397622,0.3211785,0.14219339
4,T49Q,0.86193883,0.5773885,0.12115342
4,V11L,0.44443265,0.5673252,0.079767294
4,V11M,0.37518552,0.41447455,0.052931853
4,V11N,-0.003191824,0.17426261,0.051306076
4,V11Y,0.40831694,0.5260599,0.09743268
4,V16A,-2.4333003,-1.95558,0.21349223
4,V16C,-0.9078119,-1.3169417,0.13254161
4,W22I,-0.7041249,-0.5856387,0.09904415
4,W22N,-1.0076259,-1.0512841,0.12368495
4,W22Q,-1.0849005,-0.7899447,0.096198626
4,W24F,-0.32627615,0.3722826,0.13725074
4,W24I,-0.53066856,-0.39893085,0.12675305
4,W24L,-0.621096,-0.24819013,0.22017731
4,W24Q,-0.52529037,-0.63459474,0.081051774
4,W24T,-0.43603233,-0.23978226,0.15032019
4,W45Q,-2.2965944,-1.3591549,0.13623627
4,W45T,-1.7493743,-1.2162356,0.14909531
4,W45Y,0.04783092,0.08391139,0.1560889
4,W50F,-2.225484,-0.9198063,0.5127038
4,W50Y,-2.4239848,-1.1921337,0.6643712
4,Y3E,1.5473065,1.352211,0.060141034
4,Y3F,1.1356708,1.2805116,0.05624301
4,Y3I,1.0574125,1.0814328,0.059168287
4,Y3K,0.8580278,1.0040675,0.059821434
4,Y58Q,-1.7444003,-1.7728682,0.06753201
4,Y9H,0.70953876,0.6822465,0.05069799
4,Y9N,0.1924456,0.49459603,0.07579667
2,A14D,-0.13668124,-0.9183828,0.19817762
2,A14E,-0.6335103,-1.0842018,0.21544807
2,A14G,-0.95030046,-1.0416747,0.1508892
2,A14K,-0.31708217,-0.5030862,0.17407398
2,A14L,-0.15470171,0.20351991,0.088375024
2,A14R,0.14784908,-0.35979682,0.138696
2,A14Y,-0.8775454,-0.93816334,0.10131841
2,A52G,0.36311665,0.16697112,0.15316479
2,A52M,0.684643,0.023795605,0.1150518
2,A52N,0.73003376,0.8084756,0.113873295
2,A52P,-2.2244575,-0.30582127,0.13679354
2,A52Q,0.51839375,0.58438855,0.061649613
2,A52Y,0.90429944,1.0429069,0.11223226
2,A62C,0.27714622,0.7199033,0.09221881
2,A62E,-1.4683496,-1.0262169,0.08392482
2,A62F,1.0550382,0.459411,0.07053941
2,A62M,-0.6626678,-0.17251107,0.070348315
2,A62N,-0.09513461,-0.6694298,0.085944705
2,A62S,0.124726266,-0.86866534,0.06767552
2,A71C,0.88619107,1.3877997,0.10789888
2,A71E,0.067344755,-0.074498326,0.06585198
2,A71L,0.7102532,0.5854442,0.06859427
2,A71M,0.5124222,0.60626125,0.054467253
2,A71N,-0.14304076,0.001629144,0.05210381
2,A71T,0.6462403,0.43311366,0.07905858
2,D21G,-0.64627874,-0.63861424,0.17644803
2,D21K,-1.0694056,-1.1157019,0.10311406
2,D21M,-0.9941164,-0.73443395,0.05416625
2,D21Q,-0.7985098,-0.8005247,0.050346904
2,D26A,0.08235586,-0.05919245,0.09467559
2,D26H,0.16948871,0.042640015,0.09403055
2,D26P,-0.6820129,-0.31355798,0.20670728
2,D28F,-0.60584354,-0.5826274,0.11353438
2,D28G,-0.26235262,0.3884784,0.21202938
2,D28T,-0.5415031,-0.74330515,0.11111086
2,D47E,1.2810812,1.4485942,0.1868351
2,D47K,1.2843894,1.2635777,0.22817521
2,D47M,1.1928035,1.4969306,0.12361591
2,D47S,1.0183245,1.2681575,0.14129536
2,D47T,1.210173,1.3457686,0.21312861
2,D47Y,0.94417983,1.1553277,0.19147138
2,D51K,-1.0190717,-1.4995816,0.2070512
2,D51N,-0.9788229,-1.0547371,0.114581876
2,D51R,-1.4873476,-1.7420063,0.1889445
2,D51S,-1.15182,-1.0269904,0.16184704
2,D67H,-1.8219851,-1.5471878,0.08580046
2,D67P,-2.3424327,-2.628352,0.12671869
2,E34I,1.1324593,1.2877574,0.16272359
2,E34P,1.055819,0.111792505,0.2495424
2,E34V,1.0466626,1.2713165,0.11565714
2,E34Y,1.1549017,1.0658709,0.11046379
2,E40K,0.87513566,1.1006354,0.12060385
2,E63A,0.37789539,0.32485896,0.06963115
2,E63C,1.4770627,0.54940516,0.08951061
2,E63D,0.70331895,0.58359516,0.1396033
2,E63F,0.7584363,0.55003446,0.09345823
2,E63G,0.6887987,0.17034188,0.18904762
2,F4G,0.8499146,1.1581396,0.10511356
2,F4M,0.8259695,1.1973262,0.08270114
2,F66E,-1.5578195,-1.1395772,0.11325424
2,F66H,-0.5877505,-0.07536471,0.13827233
2,F66K,-1.0319575,-1.1774204,0.09639173
2,F66Q,-0.99357355,-0.6581965,0.07726889
2,F66R,-1.165836,-1.053062,0.13493113
2,G13A,-0.9224524,-1.1316338,0.13026313
2,G13D,-1.7248739,-1.0097574,0.12363904
2,G13P,-1.0711517,-1.67612,0.35745066
2,G13S,-0.65014386,-0.75463116,0.096164756
2,G19D,-0.714499,-0.4721263,0.1303517
2,G19E,-1.3788017,-0.9032163,0.29098886
2,G19I,-0.09437238,-0.28670508,0.06784683
2,G19L,-0.31783357,-0.32329562,0.090880446
2,G19S,-0.20411475,0.08403432,0.08796065
2,G19W,-0.20162141,0.0017750859,0.23840861
2,G29F,-0.38932043,-0.57156414,0.1071853
2,G29K,-0.6347281,-0.534446,0.08714586
2,G29R,-0.6822403,-0.38010392,0.082890205
2,G29T,-0.4440369,-0.6215555,0.06478112
2,G29Y,-0.62684774,-0.26969898,0.109935455
2,G33V,-0.622628,-0.4867007,0.08680444
2,G35N,-2.2208235,-2.1162672,0.09369569
2,G35S,-2.136289,-2.362309,0.19016938
2,G39E,-0.60180855,-0.25864226,0.19455425
2,G39M,-0.3549489,-0.41300946,0.111304455
2,G39R,0.5551472,0.22272474,0.1752799
2,G39T,0.72075325,0.095217735,0.17900626
2,G44M,-1.1155919,-1.1538922,0.077649884
2,G53D,-1.6706277,-1.4799044,0.082882695
2,G53R,-1.9117589,-1.3187089,0.123595886
2,G53Y,-1.236299,-1.6809678,0.13731484
2,G54A,0.23061968,0.42609072,0.070780925
2,G54F,0.5512223,0.49606293,0.0723378
2,G54I,0.73455644,0.5724037,0.0615912
2,G54P,-0.17131333,-0.19312084,0.10578566
2,G54R,0.0014392164,0.508693,0.10985666
2,G61I,-1.6039816,-1.9831271,0.064335994
2,G64A,-0.0670445,0.29376602,0.09869557
2,G64D,0.29076716,-0.25323904,0.09259074
2,G64I,-0.5239499,-0.98871064,0.072889976
2,G64M,0.39950883,0.03411466,0.06749552
2,G64Q,0.022746926,-0.059269845,0.06358474
2,G6F,1.6142318,1.3034433,0.09203487
2,G6M,2.0358584,1.7338605,0.18435864
2,G6N,0.95284414,0.9771067,0.04615324
2,G6Y,1.6129777,1.3104339,0.08863025
2,H42A,0.69187665,0.5707445,0.19048671
2,H42D,0.54775137,0.15306202,0.17291789
2,H42I,0.9769459,0.7973014,0.13360302
2,H42N,0.8286443,0.47317025,0.14290433
2,H42S,0.73764235,0.35935438,0.11718541
2,H42T,0.95174545,0.49212295,0.10640281
2,I46F,-1.7663406,-0.50965726,0.18166082
2,I46W,-0.93411607,-1.286889,0.3716063
2,K23A,0.5919423,0.5214559,0.09924572
2,K23Q,0.75374705,0.50932205,0.11146515
2,K23S,0.59044886,0.6508394,0.14034419
2,K65D,-2.1598847,-1.1627192,0.09987896
2,K65F,0.24977703,0.34100175,0.07739227
2,K65I,-0.72916657,-0.560883,0.092335515
2,K69F,0.81472117,0.79196846,0.06991392
2,K69I,0.7350075,1.4488506,0.10968547
2,K69L,0.91817224,1.6027389,0.11732512
2,K69M,1.0854809,1.6096759,0.12557833
2,K69Q,0.968999,0.9839411,0.15403692
2,K8F,0.671897,0.7320609,0.099481516
2,K8L,0.67961323,0.9223962,0.0801075
2,K8M,0.85446876,0.7205321,0.08809691
2,K8P,0.5423897,0.6665977,0.10385626
2,K8Q,0.9792621,0.7678058,0.06491523
2,L20A,0.87650853,0.83182967,0.11548024
2,L20D,0.8225846,0.9629361,0.18554811
2,L20E,0.7003545,1.0440228,0.20422344
2,L20Q,1.0359979,0.720405,0.11042755
2,L20W,0.8545405,0.45347783,0.2170978
2,L2H,1.5630465,1.3024387,0.050254993
2,L2M,1.1259009,1.1971755,0.050403647
2,L41D,-1.1026793,-0.6176065,0.15267329
2,L41F,0.49152642,0.55598015,0.14495282
2,L41G,-0.48243693,-0.3925369,0.24101584
2,L41H,-0.080938086,-0.012150705,0.13418643
2,L41M,0.5913527,0.5620576,0.10236018
2,L41T,-0.14877018,-0.19892907,0.09013336
2,L68Y,-2.1442716,-1.9285221,0.11534851
2,L70I,0.54533845,0.95336044,0.09053128
2,L70K,-0.5370989,-0.24787506,0.14749531
2,L70Q,-0.18635248,0.025294408,0.06688767
2,L70S,-0.3882155,-0.45779538,0.075499825
2,L70T,-0.54158247,-0.36950567,0.063805036
2,L70W,0.36709595,0.5405916,0.1803178
2,L7G,0.14070445,0.3255456,0.090369515
2,L7H,0.25114602,0.32107896,0.07098406
2,L7P,-0.105883375,0.239883,0.112468295
2,L7S,0.42552978,0.20949802,0.053033404
2,M10F,1.3490511,0.9598274,0.12991612
2,M10G,-1.1298093,-1.3900213,0.16282193
2,M10T,-1.0811527,-1.0720903,0.058365516
2,M60A,-0.37122402,-0.70859635,0.17090707
2,M60Q,-1.6325166,-1.1904721,0.079430036
2,N1D,1.1977831,0.92439336,0.059502177
2,N1I,0.85146546,0.9549057,0.096181445
2,N1Q,0.87412924,0.947605,0.05486112
2,N43A,0.59134185,0.5698479,0.12930135
2,N43E,0.597663,0.65991545,0.12928705
2,N43G,0.61963624,0.9054551,0.17139463
2,N43L,0.52772385,0.7759253,0.13457792
2,N43P,-1.4510303,-0.7008276,0.2316008
2,N43R,0.6435186,0.3757276,0.11551195
2,N56D,0.35002705,0.9054546,0.13988201
2,P12C,1.5314434,1.1036947,0.11619692
2,P12E,0.5237902,0.5876791,0.12855725
2,P12F,0.5969411,1.0207033,0.10008185
2,P12H,0.43901283,0.44234645,0.09886008
2,P12V,0.90554637,1.1681956,0.16757362
2,P12W,0.362266,0.7399038,0.116106205
2,P31I,0.24353692,-0.12459315,0.13509671
2,P72K,0.859893,0.96011364,0.15758877
2,P72S,0.99517494,1.0690066,0.10401135
2,P72T,0.91987693,1.0425475,0.09385138
2,Q27K,-0.47201943,-0.21801442,0.077203564
2,Q32V,0.2624608,0.4855219,0.074266724
2,Q5F,0.7686824,0.57329893,0.07211702
2,Q5R,0.71538544,0.7021261,0.04425686
2,R15A,-1.8799552,-2.13956,0.19116049
2,R15D,-1.7610208,-2.1202402,0.30234456
2,R15E,-1.908113,-2.3746364,0.2204787
2,R15H,-1.2910573,-1.8175318,0.21507315
2,R15L,-1.6551156,-1.4099958,0.19373338
2,R15M,-1.8391633,-1.5452967,0.19208066
2,R15N,-2.2322915,-2.0397608,0.16841154
2,R18D,-2.2633703,-1.9950974,0.17646413
2,R18L,0.3392503,-0.19887182,0.15563612
2,R25G,1.3526189,1.3521278,0.6123374
2,R59C,-1.3729365,-0.5928348,0.15270488
2,R59H,-1.5980136,-1.6694798,0.119242005
2,R59K,-1.8889451,-1.034541,0.13956492
2,R59P,-2.2828715,-2.726352,0.16219632
2,R59Q,-1.883655,-1.9910698,0.097538285
2,R59T,-2.018636,-2.6406927,0.09399574
2,S30G,1.258501,0.7662798,0.18827216
2,S30L,0.9410911,0.9142309,0.11611407
2,S30M,0.8296932,1.6000392,0.1301965
2,S55A,0.5834674,0.9303981,0.079113655
2,S55D,0.0031556417,0.20258921,0.11812919
2,S55F,0.7946633,0.4079656,0.0889036
2,S55H,0.78430295,0.72611403,0.11025458
2,S55Y,0.70539254,0.39593133,0.102644615
2,S57C,1.6719421,1.5531371,0.14165549
2,S57D,-1.3001345,-0.11621528,0.09343427
2,S57G,-0.10283669,0.45630962,0.12991337
2,S57M,0.7718746,0.86609113,0.06350642
2,T17E,0.5421259,0.2062745,0.16756074
2,T17K,0.7567759,0.9386945,0.16554634
2,T17M,1.085396,1.2492247,0.125248
2,T17N,-0.09973666,-0.76042163,0.104823284
2,T17S,0.62561685,0.22376445,0.09518128
2,T36E,-0.4581981,-0.90561604,0.08893543
2,T36G,-1.9986005,-1.8496151,0.18653087
2,T36S,-0.05749903,-0.83699363,0.080100946
2,T36W,-0.25317585,-0.49923724,0.14818244
2,T38C,1.0293461,1.2768636,0.09257846
2,T38H,-0.10350339,-0.027056277,0.11765843
2,T38V,0.8794049,1.1677848,0.12678997
2,T49R,0.752103,0.86834985,0.1678515
2,T49V,0.838013,1.0235274,0.12318247
2,V11A,0.34445906,0.40374213,0.067618065
2,V11C,1.3423169,0.6062864,0.08550554
2,V11E,0.15942377,0.015617192,0.07387107
2,V11G,0.17508678,-0.3178764,0.11183994
2,V11H,0.3606029,0.15932357,0.08013182
2,V11K,0.77762026,0.788638,0.1343172
2,V11Q,0.4000779,0.40919894,0.11572402
2,V11S,0.25419116,0.03786671,0.07208245
2,V16D,-2.5479245,-2.6831965,0.12520401
2,V16F,-1.2856189,-1.1937771,0.401536
2,V16L,-2.541858,-0.9834038,0.2649601
2,V16W,-1.3938696,-2.1166482,0.4118467
2,V37E,-2.2079186,-1.8866014,0.09518271
2,V37Q,-2.1434202,-1.8270973,0.13366811
2,V37T,-1.026304,-2.1680362,0.16677336
2,V37W,-2.1395059,-1.7347157,0.32454038
2,W22K,-1.4311811,-1.0563991,0.10023492
2,W22P,-1.1720346,-1.112761,0.19137232
2,W22T,-0.92037445,-0.9915119,0.123807006
2,W22V,-0.7592664,-0.7035784,0.22098713
2,W24K,-0.7760366,-0.62845814,0.111486845
2,W24N,-0.46550676,-0.47725114,0.11628204
2,W45F,-0.36521313,0.033263728,0.13385741
2,W45H,-1.2863606,-1.6545415,0.13265686
2,W45I,-1.072685,-1.1149902,0.1127333
2,W45K,-1.4815587,-1.9906932,0.20222823
2,W45M,-0.20032497,-1.215723,0.14455704
2,W45R,-0.9103573,-1.5785565,0.20933788
2,Y3D,1.4387918,1.3474625,0.080482654
2,Y3H,1.3056672,1.0640275,0.06571453
2,Y3N,1.2131573,1.0805336,0.054539613
2,Y3Q,1.3267478,1.1649492,0.06968301
2,Y3R,0.6612087,1.0456637,0.16027503
2,Y58C,-0.5999947,-0.9725156,0.09388857
2,Y58H,-1.4897057,-1.4712691,0.10386317
2,Y58W,-1.8670893,-1.0913656,0.1888427
2,Y9D,0.5193446,0.47494256,0.10475498
2,Y9K,0.376583,0.2489664,0.088673644
2,Y9M,0.54320884,0.57222605,0.09754615
2,Y9R,0.29672608,0.50436187,0.110349946
3,A14F,-0.7786591,-0.3506321,0.22238487
3,A14W,-0.88347626,-0.8834245,0.17931509
3,A52F,0.6109133,0.36803144,0.105578184
3,A52W,0.9627391,0.4318143,0.13907588
3,A62Q,-0.9580637,-0.42924267,0.051635865
3,A62Y,1.1501778,0.8022115,0.08969009
3,A71G,0.034440797,0.12896869,0.086069226
3,A71W,-0.10756624,0.0929535,0.13194883
3,D21I,-0.884257,-1.2475888,0.06988847
3,D21P,-1.0152805,-1.1012845,0.23649555
3,D21R,-0.61802197,-0.7593647,0.11695719
3,D26M,0.11475412,-0.13112211,0.07879686
3,D26N,0.75269544,1.0905447,0.12767863
3,D26Q,0.42762855,0.04063578,0.0956434
3,D26T,0.17328,0.04121703,0.10291612
3,D26W,-0.3088312,0.30869952,0.22919893
3,D47A,1.0617231,1.1249924,0.15400553
3,D47L,1.2354062,1.1607627,0.14445353
3,D47N,0.9675384,1.2117445,0.11178875
3,D47Q,1.4162748,1.3475778,0.11095607
3,D47V,1.13418,1.3390746,0.11861873
3,D51A,-0.6924975,-0.81816757,0.113723874
3,D51I,-0.99869967,-0.8238435,0.11511433
3,D51M,-1.1323365,-1.3564928,0.0872463
3,D51V,-0.91186816,-1.0751852,0.10194945
3,D67A,-1.9268508,-1.4980683,0.082464576
3,D67E,0.36913794,-0.4357619,0.18269455
3,D67V,-1.3417214,-1.2761889,0.06531012
3,E34R,0.9859697,0.7440746,0.13293326
3,E34T,0.93617886,0.6989483,0.16322708
3,E34W,1.0863659,0.85065913,0.21529883
3,E40D,0.69035256,0.67707884,0.16443431
3,E40Q,0.8965549,1.3669612,0.14487147
3,E40R,0.8074699,0.5424495,0.17164862
3,E40S,0.9142732,1.0530673,0.11629081
3,E40T,0.9618573,0.9816078,0.1997273
3,E40V,1.0227547,1.0941405,0.1366539
3,E63K,0.13052376,-0.17386384,0.085047245
3,E63L,0.161311,0.19677183,0.071178794
3,E63M,0.59478873,0.15872997,0.06702018
3,E63T,-0.49979398,-0.31880584,0.08409202
3,E63W,0.43027043,0.23167643,0.13225067
3,F4A,0.96356124,0.7892639,0.071088314
3,F4I,0.8077599,1.0209322,0.06025291
3,F4K,0.803628,0.6708487,0.061475996
3,F4P,1.4843911,1.1295518,0.1510179
3,F66C,0.6668092,0.27208415,0.12951708
3,F66I,-0.36349168,-0.70837855,0.07756376
3,G13E,-1.092304,-1.2009317,0.1951747
3,G13I,-1.8374956,-1.0328649,0.116942525
3,G13L,-0.8589849,-0.7769655,0.14159977
3,G13N,-0.4416596,-0.30345982,0.15473819
3,G19A,0.0068242094,-0.13506487,0.09281981
3,G19C,0.4083694,0.18830514,0.12071407
3,G19F,-0.15489002,-0.2578848,0.06679523
3,G19P,-1.2764595,-0.8260297,0.23229432
3,G19R,0.0387682,-0.23914132,0.09920561
3,G29E,-0.32798696,-0.35889816,0.078517556
3,G29S,-0.26362717,-0.12359911,0.087863445
3,G33F,-0.30053395,-0.34177318,0.300075
3,G33I,-0.660859,-0.37121946,0.08908963
3,G33M,0.2980363,-0.07567321,0.13406336
3,G33N,-0.30625913,0.3414352,0.118320584
3,G35F,-1.0909083,-1.551643,0.17548847
3,G35M,-1.217994,-2.0666869,0.13123071
3,G35V,-1.5137651,-1.4748595,0.18053246
3,G39K,0.52674365,0.29850397,0.19616902
3,G44C,-0.85574657,-0.7994044,0.109906316
3,G44F,-0.7577376,-1.1985271,0.35623533
3,G44N,-1.3701621,-1.4369583,0.08794379
3,G44Y,-1.0992757,-1.337052,0.41019654
3,G53A,-0.7315591,-1.8229479,0.07287717
3,G53C,-0.056343485,-0.97600496,0.10702157
3,G53H,-1.1867775,-1.3210785,0.061735276
3,G53K,-1.330609,-1.952549,0.15421021
3,G53L,-1.2604208,-1.6975267,0.07189441
3,G53Q,-1.5583473,-1.8236699,0.101679444
3,G53S,-1.2412251,-1.5311836,0.06315398
3,G53W,-1.6755232,-1.0912834,0.115688086
3,G54C,1.268534,1.2041403,0.101441264
3,G54E,0.575607,0.23493284,0.072553515
3,G54H,0.74076647,0.7731655,0.08029497
3,G54L,0.57435125,0.36833653,0.05948556
3,G54N,0.59559697,0.8122751,0.081663966
3,G61F,-1.8200251,-1.087179,0.074448824
3,G61K,-2.1031168,-1.6143084,0.06673789
3,G6A,1.3369379,1.1987419,0.06439626
3,G6Q,1.483976,1.4027059,0.09020352
3,G6S,1.1194141,1.1280024,0.069423676
3,H42F,0.74423534,0.74745244,0.07931566
3,H42G,-0.1221173,-0.04235649,0.19243991
3,H42L,0.81600183,0.4163324,0.09319508
3,H42R,1.0333334,0.6985406,0.12841189
3,H42V,0.9992323,0.904104,0.10559976
3,I46A,-1.084215,-1.2770605,0.19055545
3,I46H,-1.823364,-1.7974097,0.22048241
3,K23H,0.049739856,0.6110599,0.13471103
3,K23N,0.49084023,0.7693898,0.12583089
3,K65A,1.1297835,-0.14193107,0.07901347
3,K65H,-0.008558987,0.508206,0.06377733
3,K65N,-0.45889005,0.110519394,0.06264734
3,K65R,0.6864846,-0.25752747,0.09254134
3,K65Y,0.20594051,0.35980126,0.092812896
3,K69S,0.8582592,0.9695158,0.066390514
3,K8C,1.7993654,1.5035415,0.12039721
3,K8R,0.64818823,0.8945848,0.058560852
3,K8V,0.78959316,0.7169125,0.06838822
3,K8W,0.6325022,0.7007607,0.14443934
3,K8Y,0.4867397,0.68810666,0.075241685
3,L20F,0.8305396,0.8767508,0.115006685
3,L20K,0.93251276,0.55511904,0.20156848
3,L20M,1.0147146,0.9680227,0.11473858
3,L20P,1.1766952,0.9613516,0.32220066
3,L20R,1.1013002,0.71967065,0.21543854
3,L2A,1.3772533,1.4407051,0.0870744
3,L2E,1.6252735,1.6393847,0.046547774
3,L2N,1.560265,1.3889968,0.04247022
3,L41K,-0.49820757,-0.19275984,0.12235725
3,L41N,-0.23912047,-0.17806563,0.10571337
3,L41Q,-0.080477126,0.10309398,0.10317099
3,L41R,0.05644065,0.22454223,0.17046976
3,L41Y,0.49251434,0.47605953,0.2529825
3,L68I,0.47641602,-0.35690826,0.07799697
3,L70E,-0.63425905,-1.1307685,0.10409951
3,L70F,1.4916427,0.4604676,0.07511532
3,L7K,0.26125288,0.2261405,0.069315076
3,L7V,0.74499524,0.7468742,0.046305303
3,M10K,-0.92085105,-0.40401798,0.05779982
3,M60C,0.49333942,0.5625974,0.10054839
3,M60E,-2.239653,-2.2517805,0.111261606
3,M60F,0.37919456,0.38573533,0.08453035
3,M60S,-1.8467996,-1.8479999,0.08827436
3,N1A,0.7823154,1.075877,0.055379514
3,N1H,1.1971455,0.7517721,0.044393662
3,N1L,0.78494227,0.99903387,0.05455256
3,N1M,0.6439698,1.3483639,0.119099975
3,N1T,0.80651355,0.7223738,0.04658592
3,N56C,0.99766713,0.6038022,0.116737604
3,N56M,0.3232464,0.61442316,0.094353914
3,N56P,-1.7720287,-1.3679273,0.11718452
3,N56Q,0.44557816,0.8406018,0.06436312
3,N56S,0.94129884,0.68540347,0.08151293
3,P12D,0.14659266,-0.20463914,0.16991937
3,P12I,1.078662,1.1065556,0.12834823
3,P12M,0.9461421,0.90059876,0.09439969
3,P12S,0.54156536,0.29963648,0.095786095
3,P31H,0.24817146,0.32191503,0.119410634
3,P31Q,0.1493674,0.086440004,0.039371017
3,P31R,-0.18642649,0.12882559,0.13274896
3,P72D,0.9249975,0.8955865,0.08209646
3,P72G,0.98568416,0.7841644,0.092329144
3,P72M,0.81019634,1.0891194,0.113232374
3,P72N,1.1954147,0.894539,0.08852875
3,P72R,1.0036799,0.81219923,0.109556794
3,P72V,1.0098505,0.9283221,0.082553625
3,P72Y,0.97876996,0.78116584,0.1532687
3,Q27C,0.10912195,-0.33324888,0.13902414
3,Q27E,1.2193911,0.5168878,0.08676827
3,Q27H,-0.041084815,0.010898516,0.060179237
3,Q27R,-0.42891416,-0.36068302,0.093393445
3,Q27Y,-0.24393664,-0.3378555,0.08272469
3,Q32A,1.24756,0.80811465,0.098860025
3,Q32C,1.4359677,1.8725817,0.10701275
3,Q32F,0.92239314,0.59144145,0.10218346
3,Q32H,0.9194313,0.8770711,0.08767462
3,Q32K,0.707331,0.5801634,0.07812178
3,Q32M,0.93767774,0.9357084,0.072232366
3,Q5D,1.4243777,1.4361007,0.06682503
3,Q5N,0.7787576,0.7939616,0.048874024
3,Q5S,0.88093454,0.9468832,0.04507113
3,R15C,-0.71950495,-1.222225,0.34216416
3,R15F,-1.3991346,-1.9262952,0.16008389
3,R15G,-1.9029584,-2.0456953,0.39297235
3,R15K,0.33893502,-0.53767747,0.26947665
3,R15V,-1.1471887,-1.4376236,0.18754041
3,R18A,-0.28619987,-0.37575912,0.16676688
3,R18C,-0.069455035,-0.26548183,0.221147
3,R18G,-1.0643874,-0.80260134,0.32924104
3,R18N,-1.4561633,-1.3078146,0.09162247
3,R25A,1.3385433,1.0877613,0.09894693
3,R25C,1.6776706,1.6162115,0.10961914
3,R25D,1.3639898,1.1767279,0.12072551
3,R25I,0.5651275,0.66693985,0.07904208
3,R25M,1.2931685,1.0765902,0.064481616
3,R25N,1.2257771,1.5039885,0.09062827
3,R25Y,0.8929141,1.0363144,0.10820556
3,R59I,-1.6741006,-2.091892,0.09574294
3,R59N,-2.0928264,-1.5172043,0.14067101
3,R59S,-1.8414199,-1.4681998,0.1275636
3,R59W,-1.3239774,-1.522483,0.16145635
3,S30A,0.7140407,1.1644568,0.08388829
3,S30H,0.90442,1.5035619,0.107857704
3,S30I,1.2258143,0.8104602,0.12044287
3,S30N,1.1305048,1.3738874,0.13766074
3,S30Q,0.9983047,1.1882058,0.09293461
3,S30R,0.8216134,0.6996118,0.17013693
3,S55N,0.6345556,0.4002567,0.06998384
3,S55V,0.72892094,0.78759325,0.067384124
3,S57Q,0.782783,0.8274193,0.0701952
3,S57V,0.6859738,0.8072078,0.063287735
3,T17A,0.68816054,0.8372278,0.105894804
3,T17D,-2.4216044,-1.1541048,0.17313349
3,T17H,0.08133486,0.12983593,0.10826039
3,T17I,1.275205,1.1269996,0.19360745
3,T36H,-0.7806297,-0.21615559,0.087108135
3,T36M,0.11875302,0.27140647,0.06276536
3,T38G,-0.41269156,-0.48037994,0.23133343
3,T38W,-0.4588984,-0.2512824,0.1849885
3,T49C,1.4029161,1.4500489,0.14583743
3,T49D,0.40272024,0.15276688,0.13738143
3,T49I,0.8732763,0.84891707,0.09684324
3,V11D,-1.0520984,-0.6658499,0.08929634
3,V11F,0.44808707,0.40586984,0.08823466
3,V11T,0.6930424,0.811936,0.081291795
3,V48W,-1.7141987,-1.4358022,0.8374975
3,W22E,-0.82463425,-1.1511698,0.08843315
3,W22F,-0.30452323,-0.12322873,0.12227893
3,W22L,-0.37138042,-0.4883534,0.097958446
3,W24E,-0.24883291,-0.3954607,0.13448632
3,W24Y,0.57037556,-0.16920394,0.18504727
3,W45A,-2.1046932,-1.8136358,0.17877007
3,W45L,-0.6830902,-0.5909667,0.113226295
3,W45V,-1.306737,-1.0577073,0.099084616
3,Y3V,1.0814531,1.0975527,0.04880989
3,Y58E,-1.8179946,-2.6441987,0.09643757
3,Y58F,-1.2334718,-0.37644222,0.16383839
3,Y58L,-1.4679244,-1.5816885,0.07832003
3,Y58V,-0.7322026,-1.0132633,0.15943646
3,Y9C,1.4585986,1.0323646,0.10128474
3,Y9F,0.88533133,0.58008707,0.11122906
3,Y9L,0.5761846,0.6157266,0.10258484
3,Y9S,0.4194839,0.281676,0.07509446
3,Y9T,0.2040576,-0.07745397,0.075003386
3,Y9W,0.8317318,0.71064544,0.11082256
1,A14H,-0.84650433,-0.784722,0.07304288
1,A14M,0.38858834,0.5937262,0.10235418
1,A14Q,0.32643226,0.6138078,0.13216102
1,A14S,0.4503415,0.8502851,0.2050491
1,A14T,0.664083,0.7246567,0.14409423
1,A52D,0.25724947,0.4968326,0.10971988
1,A52H,1.1022923,1.1473029,0.12283183
1,A52K,0.50964326,0.5258318,0.14209008
1,A52T,0.6398605,0.40017873,0.082678564
1,A62D,-0.7793894,-1.2675061,0.07535399
1,A62G,-0.23122954,-0.6671858,0.10843528
1,A62L,-0.6977644,0.1476661,0.06466425
1,A62T,-0.8005291,-0.85365903,0.054541353
1,A71H,0.09929581,0.03318441,0.081312306
1,A71I,0.9057087,0.9133147,0.07907785
1,A71P,-0.6774241,-0.86823016,0.1418289
1,A71R,0.29817462,0.08162278,0.070136435
1,D21E,-0.8351947,-0.3346215,0.0750742
1,D21S,-0.31940302,-0.7651527,0.07230175
1,D21T,-0.90793157,-1.0793543,0.072097786
1,D21Y,-0.5260503,-0.1606161,0.091905005
1,D26F,-0.038383186,-0.3805964,0.14479244
1,D26L,-0.106306955,-0.31242132,0.11369527
1,D26S,0.2701994,0.35667315,0.102760084
1,D26Y,-0.10690615,-0.030140877,0.14820969
1,D28E,-0.2780735,-0.38025522,0.1122402
1,D28H,-0.6045465,-0.42720962,0.088511236
1,D28I,-0.5295783,-0.50157034,0.12004758
1,D28K,-0.6897469,-0.6734133,0.13552153
1,D28N,0.8564866,-0.07994214,0.09879757
1,D28R,-0.87528247,-0.793718,0.1172967
1,D28V,-0.5659392,-0.6010909,0.175843
1,D28W,-0.6652998,-0.51754135,0.20970285
1,D28Y,-0.62862813,-0.48735648,0.10530806
1,D47C,1.7686149,1.5137322,0.18995667
1,D47G,0.77081895,0.90380335,0.17134249
1,D51C,-0.7276104,-0.21785706,0.15815663
1,D51F,-0.8858488,-1.059844,0.08715881
1,D51G,-2.0714085,-1.1234856,0.20078498
1,D51H,-0.9872458,-0.9816458,0.10180677
1,D51L,-0.8115077,-1.0140033,0.11329449
1,D51T,-1.350356,-1.2063341,0.07295609
1,D67C,-0.99866825,-1.038745,0.07747591
1,D67N,-2.4784753,-1.8043017,0.06786347
1,D67R,-2.193954,-2.0737023,0.0859269
1,D67W,-1.3380394,-1.8189528,0.12967324
1,E34H,0.89877516,0.9511504,0.084487565
1,E34M,1.1496234,1.0450435,0.0732056
1,E40A,1.0339743,1.0110651,0.09796644
1,E40H,0.9868632,0.8906936,0.09178389
1,E40N,0.9202335,0.599502,0.1236564
1,E40P,0.9055873,1.1401849,0.35632527
1,E40Y,1.1184775,1.2342861,0.2633431
1,E63I,-1.0986179,0.17154986,0.103239186
1,E63N,0.58927304,0.42211777,0.07121492
1,E63Q,0.76353085,0.4410042,0.047640804
1,E63V,-0.73386675,-0.016985022,0.07619215
1,F4L,0.8980182,0.6824593,0.10791088
1,F4W,1.2939287,0.80466646,0.06539465
1,F66M,0.011355449,-0.3511351,0.06524802
1,F66S,-1.2596251,-0.694672,0.06788839
1,F66W,0.7827684,0.2808748,0.17638445
1,G13M,-0.40144297,-0.9609249,0.12503672
1,G13Q,-0.7569585,-0.8725919,0.07075966
1,G13R,-0.68242633,-0.5354404,0.113542564
1,G13V,-1.15139,-1.1734339,0.0858872
1,G19M,-0.3088232,-0.18386284,0.102276094
1,G19Y,-0.38831955,-0.329827,0.070377
1,G29D,-0.11473445,-0.34171745,0.0645665
1,G29H,-0.403385,-0.37845987,0.06791652
1,G29L,-0.5782728,-0.33980376,0.06963766
1,G29M,-0.508192,-0.5491636,0.059392933
1,G33A,0.2500488,0.5834743,0.092422016
1,G33C,0.82256687,1.1051807,0.13833046
1,G33H,-0.17528814,-0.3320406,0.13610005
1,G33S,0.79560727,0.5847236,0.17813271
1,G35C,-1.7557096,-1.0616224,0.1310451
1,G35H,-1.855395,-2.0723202,0.15665698
1,G35I,-1.6190467,-1.732053,0.15249622
1,G35W,-1.4422868,-0.7539717,0.26833105
1,G39C,0.7344175,0.56995755,0.10912133
1,G39F,-0.62473243,-0.25485748,0.22641838
1,G39L,-0.8630797,-0.30133808,0.113057025
1,G39N,0.3923462,-0.026604816,0.113929875
1,G39Q,-0.2154871,0.12530008,0.13498855
1,G39V,-0.480778,-0.3643216,0.09479738
1,G39W,-0.9071514,0.10207605,0.5541791
1,G39Y,-0.97049373,-0.22194088,0.36519492
1,G44A,-1.4226009,-1.4097962,0.09244872
1,G44E,-2.0432472,-1.7510321,0.09639347
1,G44H,-1.6998401,-1.4487264,0.091693886
1,G44V,-0.80878586,-1.2332474,0.09433199
1,G53E,-2.3149867,-1.5596154,0.071432956
1,G53I,-2.0287416,-1.4930333,0.0795101
1,G53N,-1.2383572,-1.2582371,0.06814004
1,G53T,-1.5425082,-1.3666971,0.060218696
1,G54D,0.22688143,0.18554586,0.07999814
1,G54Q,0.6544746,0.1756916,0.07120038
1,G54T,0.5532578,0.20748156,0.06264747
1,G61L,-1.7302177,-1.6945909,0.0953281
1,G61R,-1.0830572,-1.5732497,0.057839874
1,G61Y,-1.1037353,-1.6839436,0.06168175
1,G64C,1.431354,0.7158507,0.115553506
1,G64L,-0.010918494,0.20184498,0.08107782
1,G64R,-0.14054152,0.02089408,0.0808189
1,G64S,0.042614505,0.2740931,0.061875705
1,G64T,-0.7705408,-0.37684643,0.08826614
1,G6D,1.7110769,1.147775,0.093965895
1,G6I,1.4920597,1.4699694,0.08597506
1,G6L,1.9885211,1.4609891,0.090116866
1,H42Q,0.7370679,1.0342845,0.0573715
1,H42W,0.60709673,0.49793646,0.10208262
1,K23C,1.3657919,1.0926363,0.12767386
1,K23G,-0.11676401,-0.41342694,0.23303539
1,K23I,1.0290278,0.3475805,0.0986898
1,K23P,0.1990362,-0.74292105,0.36719775
1,K23R,0.34596902,0.52676713,0.13173199
1,K23W,-0.2280987,0.11031991,0.19043905
1,K65G,-0.3789271,0.1572847,0.18657917
1,K65P,-2.3398438,-1.1564367,0.15348232
1,K65T,-0.8562442,-0.44126487,0.056665424
1,K65V,-0.54128623,-0.10542011,0.06911207
1,K69G,-0.028209565,0.34994066,0.11388279
1,K69T,0.6898155,0.53691804,0.07796002
1,K69Y,0.96523845,0.62954956,0.07418109
1,K8D,0.8251129,0.8194862,0.087304
1,K8E,1.341804,1.1151228,0.09070099
1,K8S,0.64876616,0.6379645,0.055579904
1,L20N,0.9253921,0.7810253,0.13359165
1,L2F,0.7143401,0.87419385,0.04836834
1,L2I,1.3550876,0.79742044,0.05776513
1,L2P,1.4464478,1.4838166,0.16679823
1,L2S,1.2852302,1.4273552,0.0774113
1,L2T,1.1660215,1.1468319,0.04681397
1,L2V,0.9315953,0.79640126,0.061675195
1,L41S,-0.028653257,0.09356964,0.07564808
1,L41W,0.866692,0.0976688,0.29859048
1,L68R,-2.2982666,-2.2144666,0.10892428
1,L68W,-2.083247,-2.0863345,0.12638676
1,L70D,-1.5002862,-1.1783948,0.08176268
1,L70G,-0.823809,-0.9930522,0.08701695
1,L70P,0.3342977,-0.14453253,0.15466046
1,L70Y,0.45601434,0.6965552,0.0797664
1,L7F,0.42011106,0.51446193,0.05756486
1,L7I,0.83609366,0.80509514,0.048843626
1,L7N,0.14413252,0.16720536,0.05342031
1,L7T,0.24065045,0.56844294,0.059216145
1,M10C,0.45928028,0.41707024,0.074822076
1,M10R,-0.34661573,-0.888928,0.053679947
1,M10S,-1.155763,-1.0467246,0.067722924
1,M60N,-1.199242,-1.9606557,0.0642469
1,M60W,0.2361201,0.35427988,0.120260485
1,N1V,0.7197439,1.0082487,0.05632246
1,N43C,1.4113709,1.1750948,0.15440762
1,N43W,0.2799487,0.0019230247,0.14776027
1,N43Y,0.5537646,0.9304298,0.095358856
1,N56A,0.98951447,1.3332077,0.12725651
1,N56E,0.22726327,-0.033384986,0.10080803
1,N56H,1.3182982,0.6914324,0.065494664
1,N56I,-0.7182718,0.037252754,0.086332805
1,N56L,-0.27851632,0.31202513,0.13059604
1,P12A,0.73163664,0.6696296,0.07648695
1,P12G,0.049428023,0.21698597,0.16341579
1,P12N,0.40233737,0.52133054,0.124937065
1,P12R,0.689549,0.87512624,0.12352503
1,P12Y,0.6948848,0.22311121,0.08985508
1,P31D,0.26389724,0.1502655,0.08554948
1,P31F,0.32023358,0.17208104,0.09366871
1,P31T,0.25821012,0.21807541,0.08722294
1,P31V,0.17350833,-0.032369897,0.097466715
1,P72F,0.97239393,0.9252062,0.12319351
1,P72I,0.85910875,1.0325798,0.09889532
1,P72L,0.7558471,0.93883336,0.09180475
1,Q27D,0.70834357,0.14773777,0.1582588
1,Q27F,-0.3044601,-0.5492138,0.06904257
1,Q27N,-0.11083852,-0.20509459,0.08671082
1,Q27S,-0.037706725,0.40672293,0.068057425
1,Q32T,0.60833865,0.6207316,0.05839384
1,Q32W,0.65608007,-0.026519835,0.27725786
1,Q5E,1.5178719,1.3640994,0.09761179
1,Q5G,0.5484731,0.9090588,0.0660528
1,Q5K,1.0163093,0.6677971,0.061637882
1,Q5L,0.66209626,0.7944038,0.10709942
1,Q5T,0.82113206,0.72595376,0.038048152
1,Q5W,1.0321956,0.939058,0.06302179
1,R15I,-1.0733708,-1.4728302,0.20373338
1,R15Q,-2.107609,-1.6545231,0.13068855
1,R18I,0.037137162,0.10519767,0.12456346
1,R18K,-0.42904928,-0.484976,0.18381548
1,R18P,-0.178665,-1.1791664,0.24614751
1,R18Q,-0.29214674,-1.0413651,0.10017837
1,R25H,1.1365386,1.0934689,0.081292875
1,R25L,1.1441666,1.1193101,0.08238376
1,R25P,0.34632224,0.6325415,0.2810067
1,R25Q,1.0755422,1.0172341,0.06826342
1,R25T,0.8198105,0.7582054,0.09988845
1,R25V,0.74647194,0.7682291,0.061442617
1,R59A,-1.7954986,-1.9070239,0.114759095
1,R59E,-2.4080622,-1.9605577,0.10571588
1,R59F,-1.5049807,-1.6801817,0.0801158
1,R59M,-1.8026996,-1.6884038,0.07318092
1,S30E,0.7843374,0.8364894,0.090240486
1,S30F,0.752595,0.82682824,0.08918906
1,S30P,0.3653494,0.46401128,0.16071641
1,S55E,0.44265866,0.33066013,0.1315937
1,S55I,0.6542609,0.550949,0.07418717
1,S55M,0.9231187,0.6333808,0.052284483
1,S55T,1.0725317,1.3159494,0.16475642
1,S55W,0.7284932,-0.21986412,0.1498164
1,S57H,0.5600904,0.485952,0.056404
1,S57L,0.62069845,0.39066455,0.06738127
1,S57T,0.8126976,0.8513081,0.0780387
1,T17F,-0.031386044,-0.14068738,0.10074211
1,T17P,-1.7257293,-1.0222783,0.3998273
1,T36C,0.62556094,-0.19753325,0.10803569
1,T36D,-2.266926,-1.6769245,0.11045755
1,T36I,0.24950898,0.51110446,0.18121505
1,T36K,-0.49449852,-0.25628233,0.104150064
1,T36N,-1.0736182,-0.81196654,0.06580711
1,T36V,0.48888507,0.66301334,0.20383173
1,T36Y,-0.2826948,-0.7117476,0.11773706
1,T38D,-0.11290369,-0.45089158,0.09349442
1,T38F,0.009075784,-0.07972172,0.10155786
1,T38S,0.60381943,0.58236164,0.120902665
1,T49A,0.58140785,0.8361497,0.13371694
1,T49G,-0.5610817,-0.1650514,0.1991098
1,T49L,0.83281994,0.6755715,0.071134456
1,T49M,0.8307182,0.52132475,0.09057403
1,T49N,0.30771232,0.59471864,0.070021994
1,T49S,0.5908526,0.91596556,0.08558107
1,T49Y,0.22607248,-0.12823015,0.1431464
1,V16I,-0.38404265,-0.7708529,0.16466558
1,V16P,-1.7981147,-2.585149,0.28640777
1,V16R,-2.1014476,-2.2010632,0.09797359
1,V37A,-1.2812493,-1.2244751,0.23629546
1,V37F,-1.8647845,-1.7830759,0.25204146
1,V37L,-0.24948373,-1.2654291,0.23685408
1,V37Y,-2.3399024,-1.8190603,0.32322305
1,V48C,-1.5702349,-1.3317727,0.3279798
1,V48I,-0.2269454,-0.14242065,0.25197506
1,W22A,-0.62455785,-0.9108797,0.15832949
1,W22C,-0.2652462,-0.54603964,0.27198917
1,W22H,-0.8775652,-0.99782723,0.11846162
1,W22R,-1.1591392,-1.0132596,0.09065605
1,W22Y,-0.2578734,-0.5710571,0.18569678
1,W24A,-0.36683577,-0.50488627,0.1364038
1,W24C,0.04234595,0.036583036,0.18878883
1,W24M,-0.5746522,-0.43122745,0.0843072
1,Y3G,1.5679721,1.2135806,0.09510697
1,Y3L,1.1678593,0.9124347,0.05828071
1,Y3P,1.1649151,1.1991928,0.089513905
1,Y3W,1.1429489,1.08268,0.056095127
1,Y58A,-1.4451368,-1.6936545,0.105178125
1,Y58M,-1.0880808,-1.4507791,0.06575859
1,Y9A,0.36842912,0.4371313,0.097020395
1,Y9E,0.581172,0.49719918,0.08315957
1,Y9G,0.30583873,0.48713735,0.13785577
1,Y9I,0.050993856,0.25686657,0.07993532
1,Y9Q,0.4755289,0.5057612,0.05231345
0,A14N,-0.5999289,-0.49424464,0.08916437
0,A14P,-2.405488,-1.4227887,0.23458111
0,A14V,0.70737576,0.08304563,0.08619367
0,A52E,0.28407124,0.037834585,0.08320426
0,A52I,0.035680406,0.50262165,0.09674298
0,A52R,0.58753675,0.20259991,0.055343024
0,A52V,0.18431808,0.5576714,0.10792159
0,A62I,-0.47090998,-1.0598191,0.08478009
0,A62R,-0.71338576,-0.17924199,0.08953654
0,A62W,0.8906384,0.24655735,0.15792185
0,A71K,0.46076244,0.29529187,0.10243141
0,A71Q,0.38553518,0.039854974,0.04449927
0,D21H,0.63743937,0.34378248,0.14233267
0,D21L,-0.9025847,-0.8834668,0.08414244
0,D26C,0.9208221,0.65898997,0.17096347
0,D26E,0.621638,0.72958976,0.12338244
0,D26G,-0.16239443,0.47557068,0.17836034
0,D26I,-0.42308012,-0.16254923,0.23183739
0,D26K,-0.26107696,0.0727803,0.12722051
0,D26V,-0.30719784,-0.08059354,0.1560424
0,D28A,-0.45715216,0.12275599,0.11385023
0,D28C,-0.039392672,-0.018001795,0.15822029
0,D28L,-0.62017053,-0.9044141,0.116618864
0,D28M,-0.5908479,-0.25015128,0.11285388
0,D28P,-0.39254433,-0.51684797,0.1382668
0,D28S,-0.26244348,-0.14206707,0.13092399
0,D47F,1.0578305,0.7713883,0.15072441
0,D47I,1.0391153,0.56792694,0.18027514
0,D47P,0.96321106,-0.06015438,0.26351553
0,D47R,1.2872286,1.2567645,0.1939143
0,D51E,-0.5761253,-0.30356118,0.12376713
0,D51Q,-1.0621083,-0.9663178,0.0997374
0,D51Y,-1.270113,-1.0605824,0.10740339
0,D67G,-2.4418232,-1.9722598,0.12752736
0,D67I,-1.5606446,-1.4580656,0.11314916
0,D67L,-1.4962327,-1.6104715,0.07757377
0,D67M,-1.5486559,-1.5702541,0.07111179
0,D67S,-1.8361999,-2.295032,0.063557975
0,D67T,-1.4547178,-2.1811159,0.084109895
0,E34F,1.0793318,1.024847,0.10614037
0,E34G,0.5604915,0.39746904,0.1936397
0,E34L,1.2166425,0.93270856,0.12523508
0,E40I,0.94834256,0.9443085,0.2788794
0,E40L,0.9150178,0.8890566,0.16918904
0,E40M,0.8923596,0.97208077,0.13638353
0,F4E,1.2754354,1.3422792,0.08032071
0,F4H,0.9297686,0.9270927,0.055939548
0,F4T,0.72685915,0.7988963,0.04415547
0,F4Y,1.1289638,0.92081624,0.064666145
0,F66A,-0.8940796,-0.64703476,0.12392341
0,F66T,-0.6037366,-1.2111666,0.06651341
0,F66V,-0.42972565,-0.10695487,0.07458352
0,F66Y,0.8251396,0.43890876,0.17359519
0,G13C,0.6585772,-0.079206005,0.1910426
0,G13H,-0.6174424,-0.39798683,0.09700739
0,G13K,-0.9816762,-0.9625346,0.15098268
0,G13T,-1.0483273,-1.0117893,0.10758077
0,G13W,-0.77592474,-0.62153566,0.21013743
0,G19N,0.09516177,-0.30406106,0.08838927
0,G19Q,-0.4409223,-0.45080698,0.07694053
0,G19T,-0.38070536,-0.37780923,0.1455723
0,G29A,-0.5712186,-0.37748444,0.091399185
0,G29C,0.03258447,0.5763411,0.16475308
0,G29N,-0.35838005,-0.26851797,0.060709827
0,G29P,-0.5045579,-0.94335717,0.107527964
0,G29Q,-0.3948113,-0.6675099,0.06106209
0,G29V,-0.32639948,-0.5739569,0.08623337
0,G29W,-0.61756724,-0.46431917,0.29044855
0,G33D,-0.07673833,-0.5124223,0.18413174
0,G33E,-0.16069253,-0.33851546,0.2000165
0,G33K,-0.06954039,-0.10423982,0.16290945
0,G33L,-0.14210771,-0.42744157,0.14718163
0,G33P,-0.6075929,-0.2801389,0.28552574
0,G33R,0.25644472,0.21920735,0.12313842
0,G33T,0.77681005,0.5440672,0.1892193
0,G33W,-0.31145254,-0.6836257,0.6290509
0,G35D,-2.4825253,-1.8424332,0.13077104
0,G35R,-1.6498046,-1.9246342,0.10454141
0,G39H,0.087780274,0.039229766,0.185547
0,G39I,-0.7324611,-0.66494197,0.10469722
0,G44S,-1.8315136,-1.5922816,0.08722805
0,G53F,-1.412905,-1.3742807,0.074206226
0,G53M,-1.3169584,-1.5267578,0.082486264
0,G54M,0.6161309,0.7030548,0.061260335
0,G54V,0.6573905,0.77228,0.060696833
0,G54W,0.050526284,0.73462224,0.12163352
0,G61N,-1.522507,-1.6110108,0.061937444
0,G61Q,-1.5887458,-1.6896477,0.05833494
0,G61S,-0.64192355,-1.3123045,0.07250296
0,G64E,-0.1849366,0.05598639,0.0823965
0,G64F,0.13898197,-0.051763594,0.08583056
0,G64H,-0.06964486,0.17067286,0.07087123
0,G64K,-0.2875016,0.34548277,0.080206744
0,G64V,-0.8504976,-0.35002258,0.08805477
0,G6E,1.456296,1.6554441,0.089238875
0,G6H,1.2903367,1.3957939,0.060149185
0,G6K,0.74255604,1.1433446,0.10502147
0,G6R,0.53434914,1.05242,0.07947122
0,G6T,1.2900616,1.3446898,0.07288956
0,H42E,0.63669926,0.67418545,0.08278488
0,H42P,-1.4358656,-0.6165018,0.24181074
0,H42Y,0.896809,0.7836271,0.08890235
0,I46C,-0.5286177,-0.90188426,0.2065863
0,I46K,-1.6818542,-2.3654718,0.1873439
0,I46T,-1.7965548,-1.8389375,0.28904802
0,I46Y,-1.5699804,-1.6181228,0.29967564
0,K23D,0.62497693,0.07436314,0.27331865
0,K65C,1.6003472,0.32443458,0.10029971
0,K65M,0.6689353,0.25453272,0.06579851
0,K65W,-0.68619335,-0.23274615,0.19926661
0,K69A,1.1693835,0.9594221,0.11182832
0,K69D,0.53116405,-0.54984224,0.1345551
0,K69E,0.78125536,0.6400646,0.11494469
0,K69H,0.470207,0.82528615,0.11699902
0,K69N,0.7285885,0.07067406,0.087244265
0,K69R,0.8847047,1.0307131,0.1122899
0,K69W,0.7824465,0.9109177,0.15266919
0,K8A,0.7697166,0.7466401,0.072294466
0,K8G,0.6168918,0.86862963,0.123473756
0,K8H,0.7617972,0.7268086,0.059323423
0,L20G,0.5704047,0.7881497,0.4095295
0,L20T,0.9205095,0.8997513,0.11846971
0,L20V,0.98329,0.7649855,0.12516522
0,L20Y,0.753542,1.0664032,0.15826195
0,L2D,1.6262269,1.8128242,0.05384635
0,L2K,1.1790708,1.3325421,0.060122363
0,L2W,0.6386954,1.11388,0.06361782
0,L41C,0.6093508,0.42621663,0.11799108
0,L41P,0.1683443,0.50352573,0.3236102
0,L68A,-1.9311677,-2.2904677,0.13910365
0,L68F,-1.6374539,-1.2238628,0.08910584
0,L68P,-2.2287028,-1.6351314,0.123371
0,L68V,-0.055674665,-0.1108768,0.10453307
0,L70C,0.9499449,1.1753361,0.08456027
0,L70N,-0.79691136,-0.5036998,0.058563106
0,L70V,0.3146205,0.32481825,0.0747168
0,L7C,1.3792803,1.1807368,0.06258916
0,L7D,-0.08488614,-0.13664472,0.07589912
0,M10H,-1.0550108,-0.5483511,0.07018482
0,M10L,0.90601945,1.1320077,0.09487938
0,M10V,0.3558114,0.4329398,0.065290324
0,M10W,0.94452906,0.22153181,0.13937795
0,M10Y,0.9734783,0.64259964,0.14645767
0,M60G,-1.9947709,-1.310995,0.16196841
0,M60I,-0.5587337,-0.07090101,0.111554496
0,M60T,-2.3469167,-1.3753717,0.07425868
0,M60V,0.09369249,0.0978584,0.11665522
0,N1P,0.9881873,0.8295084,0.08204042
0,N43F,0.5546286,0.3531204,0.08483564
0,N43I,-0.2760403,-0.025396615,0.11016237
0,N43Q,0.648211,0.44952533,0.0792421
0,N56R,0.3695603,0.3984013,0.14214933
0,N56V,-0.472052,-0.5653299,0.1198846
0,P12K,0.8783656,0.7891356,0.13911676
0,P12Q,0.4509071,0.6832725,0.076659076
0,P31A,0.27652943,0.05890751,0.114453785
0,P31G,0.21178386,-0.027997807,0.17246813
0,P31M,0.18065888,0.4232307,0.12270676
0,P31S,0.17995058,0.18467884,0.15124524
0,P72A,0.86587083,0.81122684,0.13963342
0,P72E,0.96013117,1.0547981,0.08392536
0,P72Q,0.90522796,1.1570652,0.093576424
0,Q27L,-0.3472147,-0.42678127,0.07563531
0,Q27P,-0.415179,-0.7288954,0.17597902
0,Q27T,-0.15289497,-0.41614807,0.07120406
0,Q27V,-0.25997296,-0.40923694,0.10090577
0,Q32G,1.1186888,0.7876574,0.1581428
0,Q32N,1.0458057,0.62112033,0.06816637
0,Q32P,1.2898762,2.1211946,0.34052235
0,Q5H,1.0517588,0.97528803,0.0716623
0,Q5I,0.70366323,0.79431087,0.05750846
0,Q5P,1.5492595,0.62152153,0.13455045
0,Q5V,0.76466745,0.622779,0.054780953
0,Q5Y,0.7213398,0.85463566,0.05122053
0,R15Y,-1.7652307,-1.5400622,0.12605202
0,R18E,-1.7899219,-1.8441548,0.1406864
0,R18H,-0.60617554,-0.6292831,0.12242066
0,R18M,0.06746344,0.07117602,0.1447146
0,R18V,-0.23231754,0.15818793,0.16778791
0,R18Y,-0.24456729,-0.23780227,0.2707888
0,R59D,-2.178664,-2.3797367,0.12957811
0,R59G,-2.0117416,-2.1800425,0.16858596
0,R59L,-1.8690461,-1.4326704,0.11086523
0,R59V,-2.136864,-1.8106126,0.08252119
0,R59Y,-1.4456254,-1.6277033,0.12964582
0,S30D,1.0802199,1.0367029,0.12948322
0,S30K,0.91957897,1.0165517,0.15752846
0,S30V,1.2073437,0.49509522,0.11010634
0,S30W,0.6800805,0.73843557,0.20090312
0,S55C,1.5106415,2.0221949,0.071283095
0,S55G,0.2535019,0.21414554,0.14473486
0,S55L,0.45440194,0.58820367,0.06332337
0,S55R,1.0203242,0.7710095,0.09448706
0,S57A,0.8027574,0.55799544,0.06964206
0,S57I,0.49648127,0.4429857,0.08015775
0,S57K,1.2084192,0.9517081,0.10436868
0,S57N,0.42104998,0.6189888,0.078287475
0,S57W,0.6556215,1.0472058,0.18573803
0,S57Y,0.5756645,0.51356906,0.0929135
0,T17C,1.6346917,1.8223499,0.13841093
0,T17Q,0.8513578,0.6281239,0.13220859
0,T17V,1.2569345,1.559313,0.30622452
0,T17W,-0.29151443,0.55432093,0.24729335
0,T17Y,-0.36658654,0.12795147,0.14584458
0,T36A,-0.84794587,-1.06042,0.09084093
0,T36F,-0.49955243,-0.06976479,0.088228814
0,T36P,-2.1278627,-1.8429292,0.16262078
0,T36Q,-0.29622725,-0.43094197,0.07310771
0,T36R,-0.11654576,0.12440756,0.13266301
0,T38I,0.88373756,1.0894982,0.15304315
0,T38M,0.73685914,0.5435909,0.11310827
0,T38Q,0.22999264,-0.041172385,0.14803481
0,T38R,0.25965115,0.3425747,0.11719119
0,T49W,0.0016355007,-0.38492447,0.20282602
0,V11I,0.9484905,0.60294306,0.084126346
0,V11P,-0.42787465,-0.032775283,0.14484227
0,V11R,0.6711801,0.6116341,0.120042555
0,V11W,0.08425865,0.52887744,0.102477066
0,V16H,-2.5211518,-1.9759912,0.085810535
0,V16Y,-1.5174516,-1.9017448,0.31525797
0,V37C,0.14806645,-0.7986516,0.29894483
0,V37D,-2.4151053,-1.8337497,0.19572014
0,V37I,1.0194093,0.44336405,0.17987329
0,V37M,-1.4671428,-1.0619574,0.18564743
0,V37R,-2.4593585,-2.0321803,0.13965404
0,W22D,-0.8765998,-0.8209945,0.10704171
0,W22G,-1.0883242,-0.74278814,0.73102474
0,W22M,-0.7038854,-0.6747576,0.13777792
0,W22S,-0.64570355,-0.7212775,0.10483026
0,W24D,-0.18887705,-0.18073508,0.12354564
0,W24G,-0.26393208,-0.12471777,0.30045807
0,W24H,-0.36559814,0.012806505,0.14327705
0,W24P,-0.32790104,-0.85129833,0.17332476
0,W24R,-0.8066318,-0.64189905,0.14059126
0,W24S,-0.2222597,-0.43592632,0.091061465
0,W24V,-0.61767656,-0.77150804,0.13447678
0,W45C,-0.5290599,-1.2198299,0.18922186
0,W50L,-2.3021724,-1.5169511,0.7513352
0,Y3A,1.1761116,1.3010712,0.07051086
0,Y3M,1.0559831,1.196593,0.058565848
0,Y3S,1.0602207,1.2140764,0.050215714
0,Y3T,1.0442295,1.1266372,0.0588746
0,Y58I,-2.0791507,-1.0899248,0.08353161
0,Y58N,-2.4155715,-1.7595379,0.07996916
0,Y9P,-0.26925912,-0.19201982,0.17448813
0,Y9V,0.099519,0.31215987,0.103586905
